{"cameraMode":{"drawMode":0,"name":"Shaded","section":"Shading Mode"},"sceneLighting":false,"audioPlay":false,"sceneViewState":{"showFog":true,"showMaterialUpdate":false,"showSkybox":true,"showFlares":true,"showImageEffects":true,"showParticleSystems":true},"in2DMode":false,"pivot":{"x":11.358833312988282,"y":8.905319213867188,"z":41.4390869140625},"rotation":{"x":-0.09444618225097656,"y":-0.06804214417934418,"z":0.006470362190157175,"w":-0.9931809902191162},"size":127.98246002197266,"orthographic":false}