{"cameraMode":{"drawMode":0,"name":"Shaded","section":"Shading Mode"},"sceneLighting":false,"audioPlay":false,"sceneViewState":{"showFog":true,"showMaterialUpdate":false,"showSkybox":true,"showFlares":true,"showImageEffects":true,"showParticleSystems":true},"in2DMode":false,"pivot":{"x":1.9461398124694825,"y":0.5762708187103272,"z":-3.059828758239746},"rotation":{"x":0.0014978660037741066,"y":0.997092604637146,"z":-0.07341867685317993,"w":0.02034328132867813},"size":8.108997344970704,"orthographic":false}