{"cameraMode":{"drawMode":0,"name":"Shaded","section":"Shading Mode"},"sceneLighting":false,"audioPlay":false,"sceneViewState":{"showFog":true,"showMaterialUpdate":false,"showSkybox":true,"showFlares":true,"showImageEffects":true,"showParticleSystems":true},"in2DMode":false,"pivot":{"x":0.10425334423780441,"y":0.02813354879617691,"z":-1.0809332132339478},"rotation":{"x":-0.04191270098090172,"y":-0.059309639036655429,"z":-0.002493881154805422,"w":0.9973562955856323},"size":35.89315414428711,"orthographic":false}