{"cameraMode":{"drawMode":0,"name":"Shaded","section":"Shading Mode"},"sceneLighting":false,"audioPlay":false,"sceneViewState":{"showFog":true,"showMaterialUpdate":false,"showSkybox":true,"showFlares":true,"showImageEffects":true,"showParticleSystems":true},"in2DMode":false,"pivot":{"x":152.66526794433595,"y":10.965057373046875,"z":-3.715576171875},"rotation":{"x":-0.1616000086069107,"y":-0.18619181215763093,"z":0.031056160107254983,"w":-0.9686349034309387},"size":28.085262298583986,"orthographic":false}