{"cameraMode":{"drawMode":0,"name":"Shaded","section":"Shading Mode"},"sceneLighting":false,"audioPlay":false,"sceneViewState":{"showFog":true,"showMaterialUpdate":false,"showSkybox":true,"showFlares":true,"showImageEffects":true,"showParticleSystems":true},"in2DMode":false,"pivot":{"x":0.012892872095108033,"y":0.7639134526252747,"z":-0.6784859299659729},"rotation":{"x":-0.2630862295627594,"y":0.6915410757064819,"z":-0.30288204550743105,"w":-0.600682258605957},"size":22.0,"orthographic":false}