{"cameraMode":{"drawMode":0,"name":"Shaded","section":"Shading Mode"},"sceneLighting":false,"audioPlay":false,"sceneViewState":{"showFog":true,"showMaterialUpdate":false,"showSkybox":true,"showFlares":true,"showImageEffects":true,"showParticleSystems":true},"in2DMode":false,"pivot":{"x":-0.003489401191473007,"y":0.038037024438381198,"z":0.060033418238162997},"rotation":{"x":-0.03186566382646561,"y":-0.2904853820800781,"z":0.00967951025813818,"w":-0.9562997817993164},"size":0.09119319915771485,"orthographic":false}