{"cameraMode":{"drawMode":0,"name":"Shaded","section":"Shading Mode"},"sceneLighting":false,"audioPlay":false,"sceneViewState":{"showFog":true,"showMaterialUpdate":false,"showSkybox":true,"showFlares":true,"showImageEffects":true,"showParticleSystems":true},"in2DMode":false,"pivot":{"x":1.2542061805725098,"y":0.6548559069633484,"z":0.2920999526977539},"rotation":{"x":0.043720025569200519,"y":0.058720897883176807,"z":-0.002574007259681821,"w":0.9973133206367493},"size":8.370919227600098,"orthographic":false}