{"cameraMode":{"drawMode":0,"name":"Shaded","section":"Shading Mode"},"sceneLighting":false,"audioPlay":false,"sceneViewState":{"showFog":true,"showMaterialUpdate":false,"showSkybox":true,"showFlares":true,"showImageEffects":true,"showParticleSystems":true},"in2DMode":false,"pivot":{"x":0.07553344964981079,"y":0.35911065340042117,"z":0.0000011920928955078126},"rotation":{"x":-0.10022290050983429,"y":-0.6541644334793091,"z":0.08806151151657105,"w":-0.744492769241333},"size":3.4577879905700685,"orthographic":false}