{"cameraMode":{"drawMode":0,"name":"Shaded","section":"Shading Mode"},"sceneLighting":false,"audioPlay":false,"sceneViewState":{"showFog":true,"showMaterialUpdate":false,"showSkybox":true,"showFlares":true,"showImageEffects":true,"showParticleSystems":true},"in2DMode":false,"pivot":{"x":-0.8375301957130432,"y":-2.513808488845825,"z":8.918347358703614},"rotation":{"x":0.002702623838558793,"y":0.00900832936167717,"z":-0.00002588698043837212,"w":0.9999557733535767},"size":-1.5441420078277588,"orthographic":false}