{"cameraMode":{"drawMode":0,"name":"Shaded","section":"Shading Mode"},"sceneLighting":false,"audioPlay":false,"sceneViewState":{"showFog":true,"showMaterialUpdate":false,"showSkybox":true,"showFlares":true,"showImageEffects":true,"showParticleSystems":true},"in2DMode":false,"pivot":{"x":-0.2777625024318695,"y":1.6705230474472047,"z":3.7991533279418947},"rotation":{"x":0.0024026925675570966,"y":-0.028495604172348977,"z":0.00006850615318398923,"w":0.9995909929275513},"size":8.346956253051758,"orthographic":false}