{"cameraMode":{"drawMode":0,"name":"Shaded","section":"Shading Mode"},"sceneLighting":false,"audioPlay":false,"sceneViewState":{"showFog":true,"showMaterialUpdate":false,"showSkybox":true,"showFlares":true,"showImageEffects":true,"showParticleSystems":true},"in2DMode":false,"pivot":{"x":0.0014138221740722657,"y":3.5272297859191896,"z":0.0025153160095214845},"rotation":{"x":-0.17152352631092072,"y":0.6507575511932373,"z":-0.15430369973182679,"w":-0.7233841419219971},"size":26.750659942626954,"orthographic":false}