{"cameraMode":{"drawMode":0,"name":"Shaded","section":"Shading Mode"},"sceneLighting":false,"audioPlay":false,"sceneViewState":{"showFog":true,"showMaterialUpdate":false,"showSkybox":true,"showFlares":true,"showImageEffects":true,"showParticleSystems":true},"in2DMode":false,"pivot":{"x":0.18540319800376893,"y":3.9598753452301027,"z":0.12260591983795166},"rotation":{"x":-0.04967682436108589,"y":-0.06826779246330261,"z":0.003403179347515106,"w":-0.9964237213134766},"size":13.793191909790039,"orthographic":false}