{"cameraMode":{"drawMode":0,"name":"Shaded","section":"Shading Mode"},"sceneLighting":false,"audioPlay":false,"sceneViewState":{"showFog":true,"showMaterialUpdate":false,"showSkybox":true,"showFlares":true,"showImageEffects":true,"showParticleSystems":true},"in2DMode":false,"pivot":{"x":0.11852693557739258,"y":0.9948959350585938,"z":-0.1452099084854126},"rotation":{"x":-0.04967682436108589,"y":-0.06826779246330261,"z":0.003403179347515106,"w":-0.9964237213134766},"size":7.6954345703125,"orthographic":false}