{"cameraMode":{"drawMode":0,"name":"Shaded","section":"Shading Mode"},"sceneLighting":false,"audioPlay":false,"sceneViewState":{"showFog":true,"showMaterialUpdate":false,"showSkybox":true,"showFlares":true,"showImageEffects":true,"showParticleSystems":true},"in2DMode":false,"pivot":{"x":2.990697145462036,"y":0.5492180585861206,"z":9.310702323913575},"rotation":{"x":0.007496248465031385,"y":-0.03149355947971344,"z":0.0002360691869398579,"w":0.99947589635849},"size":2.2196731567382814,"orthographic":false}