{"cameraMode":{"drawMode":0,"name":"Shaded","section":"Shading Mode"},"sceneLighting":false,"audioPlay":false,"sceneViewState":{"showFog":true,"showMaterialUpdate":false,"showSkybox":true,"showFlares":true,"showImageEffects":true,"showParticleSystems":true},"in2DMode":false,"pivot":{"x":0.18147897720336915,"y":3.0054001808166506,"z":0.02955794334411621},"rotation":{"x":-0.04967682436108589,"y":-0.06826779246330261,"z":0.003403179347515106,"w":-0.9964237213134766},"size":12.765521049499512,"orthographic":false}