{"cameraMode":{"drawMode":0,"name":"Shaded","section":"Shading Mode"},"sceneLighting":false,"audioPlay":false,"sceneViewState":{"showFog":true,"showMaterialUpdate":false,"showSkybox":true,"showFlares":true,"showImageEffects":true,"showParticleSystems":true},"in2DMode":false,"pivot":{"x":2.667173147201538,"y":2.5240204334259035,"z":1.8856723308563233},"rotation":{"x":-0.2448129802942276,"y":0.059856243431568149,"z":-0.015144486911594868,"w":-0.9676024913787842},"size":15.829404830932618,"orthographic":false}