{"cameraMode":{"drawMode":0,"name":"Shaded","section":"Shading Mode"},"sceneLighting":false,"audioPlay":false,"sceneViewState":{"showFog":true,"showMaterialUpdate":false,"showSkybox":true,"showFlares":true,"showImageEffects":true,"showParticleSystems":true},"in2DMode":false,"pivot":{"x":334.6099853515625,"y":4.079999923706055,"z":0.0},"rotation":{"x":-0.37430787086486819,"y":0.014454785734415055,"z":-0.005838469136506319,"w":-0.927173376083374},"size":12.898186683654786,"orthographic":false}