{"cameraMode":{"drawMode":0,"name":"Shaded","section":"Shading Mode"},"sceneLighting":false,"audioPlay":false,"sceneViewState":{"showFog":true,"showMaterialUpdate":false,"showSkybox":true,"showFlares":true,"showImageEffects":true,"showParticleSystems":true},"in2DMode":false,"pivot":{"x":0.0,"y":0.8501079082489014,"z":-0.6569939851760864},"rotation":{"x":0.06133616715669632,"y":-0.06373357772827149,"z":0.0039239972829818729,"w":0.9960725903511047},"size":8.184161186218262,"orthographic":false}