{"cameraMode":{"drawMode":0,"name":"Shaded","section":"Shading Mode"},"sceneLighting":false,"audioPlay":false,"sceneViewState":{"showFog":true,"showMaterialUpdate":false,"showSkybox":true,"showFlares":true,"showImageEffects":true,"showParticleSystems":true},"in2DMode":false,"pivot":{"x":1.2340036630630494,"y":2.4583683013916017,"z":-0.46893519163131716},"rotation":{"x":0.056223198771476749,"y":-0.16103102266788484,"z":0.009187019430100918,"w":0.9853038787841797},"size":8.045679092407227,"orthographic":false}