{"cameraMode":{"drawMode":0,"name":"Shaded","section":"Shading Mode"},"sceneLighting":false,"audioPlay":false,"sceneViewState":{"showFog":true,"showMaterialUpdate":false,"showSkybox":true,"showFlares":true,"showImageEffects":true,"showParticleSystems":true},"in2DMode":false,"pivot":{"x":0.0,"y":-1.266045331954956,"z":5.399999618530273},"rotation":{"x":0.23910757899284364,"y":0.020387820899486543,"z":-0.0050267851911485199,"w":0.970766007900238},"size":34.06007766723633,"orthographic":false}