{"cameraMode":{"drawMode":0,"name":"Shaded","section":"Shading Mode"},"sceneLighting":false,"audioPlay":false,"sceneViewState":{"showFog":true,"showMaterialUpdate":false,"showSkybox":true,"showFlares":true,"showImageEffects":true,"showParticleSystems":true},"in2DMode":false,"pivot":{"x":-0.2777625024318695,"y":1.6705230474472047,"z":3.7991533279418947},"rotation":{"x":0.00240269280038774,"y":-0.028495606034994127,"z":0.00006850616045994684,"w":0.999591052532196},"size":9.525263786315918,"orthographic":false}