{"cameraMode":{"drawMode":0,"name":"Shaded","section":"Shading Mode"},"sceneLighting":false,"audioPlay":false,"sceneViewState":{"showFog":true,"showMaterialUpdate":false,"showSkybox":true,"showFlares":true,"showImageEffects":true,"showParticleSystems":true},"in2DMode":false,"pivot":{"x":-0.4873558282852173,"y":3.0748796463012697,"z":-1.0624706745147706},"rotation":{"x":-0.04967682436108589,"y":-0.06826779246330261,"z":0.003403179347515106,"w":-0.9964237213134766},"size":17.241893768310548,"orthographic":false}