{"cameraMode":{"drawMode":0,"name":"Shaded","section":"Shading Mode"},"sceneLighting":false,"audioPlay":false,"sceneViewState":{"showFog":true,"showMaterialUpdate":false,"showSkybox":true,"showFlares":true,"showImageEffects":true,"showParticleSystems":true},"in2DMode":false,"pivot":{"x":1.7738831043243409,"y":6.829992771148682,"z":0.3264274597167969},"rotation":{"x":-0.020872944965958597,"y":-0.2019602209329605,"z":0.004304675851017237,"w":-0.97916179895401},"size":11.104694366455079,"orthographic":false}