{"cameraMode":{"drawMode":0,"name":"Shaded","section":"Shading Mode"},"sceneLighting":false,"audioPlay":false,"sceneViewState":{"showFog":true,"showMaterialUpdate":false,"showSkybox":true,"showFlares":true,"showImageEffects":true,"showParticleSystems":true},"in2DMode":false,"pivot":{"x":0.5864385366439819,"y":2.1283035278320314,"z":0.5493335723876953},"rotation":{"x":0.011686130426824093,"y":-0.026398172602057458,"z":-0.00030946865445002913,"w":-0.9995831847190857},"size":10.083816528320313,"orthographic":false}