{"cameraMode":{"drawMode":0,"name":"Shaded","section":"Shading Mode"},"sceneLighting":false,"audioPlay":false,"sceneViewState":{"showFog":true,"showMaterialUpdate":false,"showSkybox":true,"showFlares":true,"showImageEffects":true,"showParticleSystems":true},"in2DMode":false,"pivot":{"x":0.6163272857666016,"y":1.2972670793533326,"z":-0.5947265625},"rotation":{"x":-0.004474736284464598,"y":0.10540478676557541,"z":0.00047190272016450763,"w":0.994419276714325},"size":8.182352066040039,"orthographic":false}