{"cameraMode":{"drawMode":0,"name":"Shaded","section":"Shading Mode"},"sceneLighting":false,"audioPlay":false,"sceneViewState":{"showFog":true,"showMaterialUpdate":false,"showSkybox":true,"showFlares":true,"showImageEffects":true,"showParticleSystems":true},"in2DMode":false,"pivot":{"x":-5.314696311950684,"y":0.534103274345398,"z":3.4984402656555177},"rotation":{"x":-0.05877573415637016,"y":-0.002397888107225299,"z":0.0001371674006804824,"w":-0.9982683062553406},"size":1.3341116905212403,"orthographic":false}