{"cameraMode":{"drawMode":0,"name":"Shaded","section":"Shading Mode"},"sceneLighting":false,"audioPlay":false,"sceneViewState":{"showFog":true,"showMaterialUpdate":false,"showSkybox":true,"showFlares":true,"showImageEffects":true,"showParticleSystems":true},"in2DMode":false,"pivot":{"x":-0.0012831613421440125,"y":0.35010963678359988,"z":-0.45508864521980288},"rotation":{"x":0.00599874509498477,"y":0.015591639094054699,"z":0.0000948205852182582,"w":-0.9998604655265808},"size":0.6212111115455627,"orthographic":false}