{"cameraMode":{"drawMode":0,"name":"Shaded","section":"Shading Mode"},"sceneLighting":false,"audioPlay":false,"sceneViewState":{"showFog":true,"showMaterialUpdate":false,"showSkybox":true,"showFlares":true,"showImageEffects":true,"showParticleSystems":true},"in2DMode":false,"pivot":{"x":-0.4346812963485718,"y":0.31766608357429507,"z":0.22317446768283845},"rotation":{"x":-0.03183251991868019,"y":0.4805070757865906,"z":-0.017457827925682069,"w":-0.8762391209602356},"size":5.068556308746338,"orthographic":false}