{"cameraMode":{"drawMode":0,"name":"Shaded","section":"Shading Mode"},"sceneLighting":false,"audioPlay":false,"sceneViewState":{"showFog":true,"showMaterialUpdate":false,"showSkybox":true,"showFlares":true,"showImageEffects":true,"showParticleSystems":true},"in2DMode":false,"pivot":{"x":8.214385986328125,"y":-27.363136291503908,"z":17.139984130859376},"rotation":{"x":0.1671578288078308,"y":0.46124446392059328,"z":-0.08894873410463333,"w":0.8668333292007446},"size":778.303466796875,"orthographic":false}