{"cameraMode":{"drawMode":0,"name":"Shaded","section":"Shading Mode"},"sceneLighting":false,"audioPlay":false,"sceneViewState":{"showFog":true,"showMaterialUpdate":false,"showSkybox":true,"showFlares":true,"showImageEffects":true,"showParticleSystems":true},"in2DMode":false,"pivot":{"x":1.6336157321929932,"y":11.947532653808594,"z":2.7475075721740724},"rotation":{"x":-0.0002601805026642978,"y":-0.9993665814399719,"z":-0.007495408412069082,"w":0.034786779433488849},"size":45.27936553955078,"orthographic":false}