{"cameraMode":{"drawMode":0,"name":"Shaded","section":"Shading Mode"},"sceneLighting":false,"audioPlay":false,"sceneViewState":{"showFog":true,"showMaterialUpdate":false,"showSkybox":true,"showFlares":true,"showImageEffects":true,"showParticleSystems":true},"in2DMode":false,"pivot":{"x":-0.062077607959508899,"y":-0.5718664526939392,"z":0.023662809282541276},"rotation":{"x":0.000052856234106002375,"y":0.9845852851867676,"z":-0.17490510642528535,"w":0.00029665904003195465},"size":11.501279830932618,"orthographic":false}