{"cameraMode":{"drawMode":0,"name":"Shaded","section":"Shading Mode"},"sceneLighting":false,"audioPlay":false,"sceneViewState":{"showFog":true,"showMaterialUpdate":false,"showSkybox":true,"showFlares":true,"showImageEffects":true,"showParticleSystems":true},"in2DMode":false,"pivot":{"x":-1.010976791381836,"y":6.253453254699707,"z":0.6505069732666016},"rotation":{"x":0.08540958166122437,"y":0.5559565424919128,"z":0.05757381394505501,"w":-0.8248046040534973},"size":15.39188289642334,"orthographic":false}