{"cameraMode":{"drawMode":0,"name":"Shaded","section":"Shading Mode"},"sceneLighting":false,"audioPlay":false,"sceneViewState":{"showFog":true,"showMaterialUpdate":false,"showSkybox":true,"showFlares":true,"showImageEffects":true,"showParticleSystems":true},"in2DMode":false,"pivot":{"x":6.410305500030518,"y":-0.07538288831710816,"z":1.4943516254425049},"rotation":{"x":-0.18370889127254487,"y":-0.02300218865275383,"z":0.004299989435821772,"w":-0.9827021956443787},"size":9.637763977050782,"orthographic":false}