{"cameraMode":{"drawMode":2,"name":"Shaded Wireframe","section":"Shading Mode"},"sceneLighting":false,"audioPlay":false,"sceneViewState":{"showFog":true,"showMaterialUpdate":false,"showSkybox":true,"showFlares":true,"showImageEffects":true,"showParticleSystems":true},"in2DMode":false,"pivot":{"x":-2.8433678150177,"y":0.47098463773727419,"z":-9.773923873901368},"rotation":{"x":-0.22805361449718476,"y":0.6043375134468079,"z":-0.18615862727165223,"w":-0.7403463125228882},"size":1.690582513809204,"orthographic":false}