{"cameraMode":{"drawMode":0,"name":"Shaded","section":"Shading Mode"},"sceneLighting":false,"audioPlay":false,"sceneViewState":{"showFog":true,"showMaterialUpdate":false,"showSkybox":true,"showFlares":true,"showImageEffects":true,"showParticleSystems":true},"in2DMode":false,"pivot":{"x":0.15949296951293946,"y":1.1209373474121094,"z":-0.1439274549484253},"rotation":{"x":-0.3211747407913208,"y":0.5547780990600586,"z":-0.24496892094612122,"w":-0.7273639440536499},"size":11.201370239257813,"orthographic":false}