{"cameraMode":{"drawMode":0,"name":"Shaded","section":"Shading Mode"},"sceneLighting":false,"audioPlay":false,"sceneViewState":{"showFog":true,"showMaterialUpdate":false,"showSkybox":true,"showFlares":true,"showImageEffects":true,"showParticleSystems":true},"in2DMode":false,"pivot":{"x":0.25878024101257326,"y":2.152876377105713,"z":-0.2880859375},"rotation":{"x":-0.6602977514266968,"y":0.16453617811203004,"z":-0.1515413373708725,"w":-0.7169170379638672},"size":7.371090888977051,"orthographic":false}