{"cameraMode":{"drawMode":0,"name":"Shaded","section":"Shading Mode"},"sceneLighting":false,"audioPlay":false,"sceneViewState":{"showFog":true,"showMaterialUpdate":false,"showSkybox":true,"showFlares":true,"showImageEffects":true,"showParticleSystems":true},"in2DMode":false,"pivot":{"x":-0.0214383602142334,"y":-0.020816415548324586,"z":0.003667384386062622},"rotation":{"x":-0.07647030055522919,"y":-0.0848742350935936,"z":0.006537214852869511,"w":-0.9934314489364624},"size":1.674867868423462,"orthographic":false}