{"cameraMode":{"drawMode":0,"name":"Shaded","section":"Shading Mode"},"sceneLighting":false,"audioPlay":false,"sceneViewState":{"showFog":true,"showMaterialUpdate":false,"showSkybox":true,"showFlares":true,"showImageEffects":true,"showParticleSystems":true},"in2DMode":false,"pivot":{"x":2.7312769889831545,"y":5.005457401275635,"z":4.987726211547852},"rotation":{"x":-0.07042881846427918,"y":-0.01885939948260784,"z":0.0013330703368410469,"w":-0.9973376393318176},"size":20.169544219970704,"orthographic":false}