{"cameraMode":{"drawMode":0,"name":"Shaded","section":"Shading Mode"},"sceneLighting":false,"audioPlay":false,"sceneViewState":{"showFog":true,"showMaterialUpdate":false,"showSkybox":true,"showFlares":true,"showImageEffects":true,"showParticleSystems":true},"in2DMode":false,"pivot":{"x":-0.7374534606933594,"y":0.27340516448020937,"z":-0.06561142951250076},"rotation":{"x":-0.009477667510509491,"y":0.7121177911758423,"z":0.00961229857057333,"w":0.7019302845001221},"size":11.931357383728028,"orthographic":false}