{"cameraMode":{"drawMode":0,"name":"Shaded","section":"Shading Mode"},"sceneLighting":false,"audioPlay":false,"sceneViewState":{"showFog":true,"showMaterialUpdate":false,"showSkybox":true,"showFlares":true,"showImageEffects":true,"showParticleSystems":true},"in2DMode":false,"pivot":{"x":-96.09999084472656,"y":-0.9349467754364014,"z":-21.600053787231447},"rotation":{"x":-0.17152352631092072,"y":0.6507575511932373,"z":-0.15430369973182679,"w":-0.7233841419219971},"size":46.806182861328128,"orthographic":false}