{"cameraMode":{"drawMode":0,"name":"Shaded","section":"Shading Mode"},"sceneLighting":false,"audioPlay":false,"sceneViewState":{"showFog":true,"showMaterialUpdate":false,"showSkybox":true,"showFlares":true,"showImageEffects":true,"showParticleSystems":true},"in2DMode":false,"pivot":{"x":0.0,"y":13.517806053161621,"z":-0.599085807800293},"rotation":{"x":-0.017338989302515985,"y":0.3217128813266754,"z":-0.005891566164791584,"w":-0.9466601610183716},"size":67.90369415283203,"orthographic":false}