{"cameraMode":{"drawMode":0,"name":"Shaded","section":"Shading Mode"},"sceneLighting":false,"audioPlay":false,"sceneViewState":{"showFog":true,"showMaterialUpdate":false,"showSkybox":true,"showFlares":true,"showImageEffects":true,"showParticleSystems":true},"in2DMode":false,"pivot":{"x":15.343231201171875,"y":3.414830207824707,"z":13.627992630004883},"rotation":{"x":0.13419698178768159,"y":-0.09699532389640808,"z":0.013202114962041378,"w":0.9861078858375549},"size":5.115756988525391,"orthographic":false}