{"cameraMode":{"drawMode":0,"name":"Shaded","section":"Shading Mode"},"sceneLighting":true,"audioPlay":false,"sceneViewState":{"showFog":true,"showMaterialUpdate":false,"showSkybox":true,"showFlares":true,"showImageEffects":true,"showParticleSystems":true},"in2DMode":false,"pivot":{"x":-2.9911627769470217,"y":3.5214779376983644,"z":21.301223754882814},"rotation":{"x":0.017719406634569169,"y":-0.17604847252368928,"z":0.003169521689414978,"w":0.9842169284820557},"size":27.05013084411621,"orthographic":false}