{"cameraMode":{"drawMode":0,"name":"Shaded","section":"Shading Mode"},"sceneLighting":false,"audioPlay":false,"sceneViewState":{"showFog":true,"showMaterialUpdate":false,"showSkybox":true,"showFlares":true,"showImageEffects":true,"showParticleSystems":true},"in2DMode":false,"pivot":{"x":0.028121009469032289,"y":0.626795768737793,"z":-0.629963755607605},"rotation":{"x":-0.03736916184425354,"y":0.7566599249839783,"z":-0.043414294719696048,"w":-0.6512945294380188},"size":5.248342514038086,"orthographic":false}