{"cameraMode":{"drawMode":0,"name":"Shaded","section":"Shading Mode"},"sceneLighting":false,"audioPlay":false,"sceneViewState":{"showFog":true,"showMaterialUpdate":false,"showSkybox":true,"showFlares":true,"showImageEffects":true,"showParticleSystems":true},"in2DMode":false,"pivot":{"x":1.67934250831604,"y":-1.6878807544708253,"z":1.0337872505187989},"rotation":{"x":-0.015586269088089466,"y":0.02849254384636879,"z":0.00044409901602193713,"w":0.9994723796844482},"size":7.783034324645996,"orthographic":false}