{"cameraMode":{"drawMode":0,"name":"Shaded","section":"Shading Mode"},"sceneLighting":false,"audioPlay":false,"sceneViewState":{"showFog":true,"showMaterialUpdate":false,"showSkybox":true,"showFlares":true,"showImageEffects":true,"showParticleSystems":true},"in2DMode":false,"pivot":{"x":1.8658673763275147,"y":0.7521597743034363,"z":1.7712388038635255},"rotation":{"x":0.05244574695825577,"y":0.03444499522447586,"z":-0.0018103922484442592,"w":0.9980279207229614},"size":7.467739105224609,"orthographic":false}