{"cameraMode":{"drawMode":0,"name":"Shaded","section":"Shading Mode"},"sceneLighting":false,"audioPlay":false,"sceneViewState":{"showFog":true,"showMaterialUpdate":false,"showSkybox":true,"showFlares":true,"showImageEffects":true,"showParticleSystems":true},"in2DMode":false,"pivot":{"x":0.28466397523880007,"y":3.813997268676758,"z":0.39824962615966799},"rotation":{"x":0.038673918694257739,"y":-0.018887581303715707,"z":-0.00073120032902807,"w":-0.9990731477737427},"size":6.234958171844482,"orthographic":false}