{"cameraMode":{"drawMode":2,"name":"Shaded Wireframe","section":"Shading Mode"},"sceneLighting":false,"audioPlay":false,"sceneViewState":{"showFog":true,"showMaterialUpdate":false,"showSkybox":true,"showFlares":true,"showImageEffects":true,"showParticleSystems":true},"in2DMode":false,"pivot":{"x":-74.90689086914063,"y":-0.964745283126831,"z":-21.600053787231447},"rotation":{"x":-0.22805361449718476,"y":0.6043375134468079,"z":-0.18615862727165223,"w":-0.7403463125228882},"size":46.829811096191409,"orthographic":false}