{"cameraMode":{"drawMode":0,"name":"Shaded","section":"Shading Mode"},"sceneLighting":false,"audioPlay":false,"sceneViewState":{"showFog":true,"showMaterialUpdate":false,"showSkybox":true,"showFlares":true,"showImageEffects":true,"showParticleSystems":true},"in2DMode":false,"pivot":{"x":0.411592960357666,"y":-0.4871633052825928,"z":0.018235880881547929},"rotation":{"x":-0.22930783033370973,"y":-0.10720796883106232,"z":0.02541372925043106,"w":-0.9670979976654053},"size":5.429347991943359,"orthographic":false}