{"cameraMode":{"drawMode":0,"name":"Shaded","section":"Shading Mode"},"sceneLighting":false,"audioPlay":false,"sceneViewState":{"showFog":true,"showMaterialUpdate":false,"showSkybox":true,"showFlares":true,"showImageEffects":true,"showParticleSystems":true},"in2DMode":false,"pivot":{"x":-3.530468225479126,"y":0.44405925273895266,"z":-13.559033393859864},"rotation":{"x":0.0262625589966774,"y":-0.9564342498779297,"z":0.09095151722431183,"w":0.2761734127998352},"size":2.123619794845581,"orthographic":false}