{"cameraMode":{"drawMode":0,"name":"Shaded","section":"Shading Mode"},"sceneLighting":false,"audioPlay":false,"sceneViewState":{"showFog":true,"showMaterialUpdate":false,"showSkybox":true,"showFlares":true,"showImageEffects":true,"showParticleSystems":true},"in2DMode":false,"pivot":{"x":3.5159316062927248,"y":-6.785529136657715,"z":9.028792381286621},"rotation":{"x":0.3309750556945801,"y":0.07350149005651474,"z":-0.025868721306324006,"w":0.9404168725013733},"size":21.24916648864746,"orthographic":false}