{"cameraMode":{"drawMode":0,"name":"Shaded","section":"Shading Mode"},"sceneLighting":false,"audioPlay":false,"sceneViewState":{"showFog":true,"showMaterialUpdate":false,"showSkybox":true,"showFlares":true,"showImageEffects":true,"showParticleSystems":true},"in2DMode":false,"pivot":{"x":0.42500758171081545,"y":4.440592288970947,"z":-0.39033055305480959},"rotation":{"x":-0.050704389810562137,"y":-0.4644744396209717,"z":0.02664194442331791,"w":-0.8837323188781738},"size":17.45050811767578,"orthographic":false}