{"cameraMode":{"drawMode":0,"name":"Shaded","section":"Shading Mode"},"sceneLighting":false,"audioPlay":false,"sceneViewState":{"showFog":true,"showMaterialUpdate":false,"showSkybox":true,"showFlares":true,"showImageEffects":true,"showParticleSystems":true},"in2DMode":false,"pivot":{"x":0.45345473289489748,"y":0.11596134305000305,"z":-0.7031890153884888},"rotation":{"x":-0.3211747407913208,"y":0.5547780990600586,"z":-0.24496892094612122,"w":-0.7273639440536499},"size":5.54482364654541,"orthographic":false}