{"cameraMode":{"drawMode":0,"name":"Shaded","section":"Shading Mode"},"sceneLighting":false,"audioPlay":false,"sceneViewState":{"showFog":true,"showMaterialUpdate":false,"showSkybox":true,"showFlares":true,"showImageEffects":true,"showParticleSystems":true},"in2DMode":false,"pivot":{"x":0.16615211963653565,"y":-0.044095516204833987,"z":3.8868725299835207},"rotation":{"x":0.19146503508090974,"y":-0.09113344550132752,"z":0.017857570201158525,"w":0.9770962595939636},"size":12.182680130004883,"orthographic":false}