{"cameraMode":{"drawMode":0,"name":"Shaded","section":"Shading Mode"},"sceneLighting":false,"audioPlay":false,"sceneViewState":{"showFog":true,"showMaterialUpdate":false,"showSkybox":true,"showFlares":true,"showImageEffects":true,"showParticleSystems":true},"in2DMode":false,"pivot":{"x":0.08310107886791229,"y":0.9049428701400757,"z":0.29247191548347475},"rotation":{"x":-0.046198997646570209,"y":0.9530635476112366,"z":-0.19152310490608216,"w":-0.22990094125270844},"size":1.547156810760498,"orthographic":false}