{"cameraMode":{"drawMode":0,"name":"Shaded","section":"Shading Mode"},"sceneLighting":false,"audioPlay":false,"sceneViewState":{"showFog":true,"showMaterialUpdate":false,"showSkybox":true,"showFlares":true,"showImageEffects":true,"showParticleSystems":true},"in2DMode":false,"pivot":{"x":10.011833190917969,"y":-8.92215347290039,"z":26.171714782714845},"rotation":{"x":-0.13466721773147584,"y":0.2546652555465698,"z":-0.035838548094034198,"w":-0.956935703754425},"size":22.58600616455078,"orthographic":false}