{"cameraMode":{"drawMode":0,"name":"Shaded","section":"Shading Mode"},"sceneLighting":false,"audioPlay":false,"sceneViewState":{"showFog":true,"showMaterialUpdate":false,"showSkybox":true,"showFlares":true,"showImageEffects":true,"showParticleSystems":true},"in2DMode":false,"pivot":{"x":-0.6775983572006226,"y":1.9693655967712403,"z":0.8144418001174927},"rotation":{"x":-0.13274355232715608,"y":0.6738744378089905,"z":-0.12493322789669037,"w":-0.7160056829452515},"size":20.828216552734376,"orthographic":false}