{"cameraMode":{"drawMode":0,"name":"Shaded","section":"Shading Mode"},"sceneLighting":false,"audioPlay":false,"sceneViewState":{"showFog":true,"showMaterialUpdate":false,"showSkybox":true,"showFlares":true,"showImageEffects":true,"showParticleSystems":true},"in2DMode":false,"pivot":{"x":15.32387638092041,"y":2.0200719833374025,"z":13.219781875610352},"rotation":{"x":0.011678897775709629,"y":-0.30317509174346926,"z":0.0037182478699833156,"w":0.9528560638427734},"size":22.0,"orthographic":false}