{"cameraMode":{"drawMode":0,"name":"Shaded","section":"Shading Mode"},"sceneLighting":false,"audioPlay":false,"sceneViewState":{"showFog":true,"showMaterialUpdate":false,"showSkybox":true,"showFlares":true,"showImageEffects":true,"showParticleSystems":true},"in2DMode":false,"pivot":{"x":356.9263000488281,"y":4.061270713806152,"z":4.6057515144348148},"rotation":{"x":-0.1561664342880249,"y":-0.15137679874897004,"z":0.024224450811743737,"w":-0.9757614731788635},"size":28.987220764160158,"orthographic":false}