{"cameraMode":{"drawMode":0,"name":"Shaded","section":"Shading Mode"},"sceneLighting":false,"audioPlay":false,"sceneViewState":{"showFog":true,"showMaterialUpdate":false,"showSkybox":true,"showFlares":true,"showImageEffects":true,"showParticleSystems":true},"in2DMode":false,"pivot":{"x":118.01930236816406,"y":19.708946228027345,"z":86.51168060302735},"rotation":{"x":0.01316819153726101,"y":-0.05786542594432831,"z":-0.0007620348478667438,"w":-0.9982373118400574},"size":210.68719482421876,"orthographic":false}