{"cameraMode":{"drawMode":0,"name":"Shaded","section":"Shading Mode"},"sceneLighting":false,"audioPlay":false,"sceneViewState":{"showFog":true,"showMaterialUpdate":false,"showSkybox":true,"showFlares":true,"showImageEffects":true,"showParticleSystems":true},"in2DMode":false,"pivot":{"x":-1.3911316394805909,"y":4.4673752784729,"z":0.943359375},"rotation":{"x":-0.028427621349692346,"y":0.06981102377176285,"z":0.001988859847187996,"w":0.9971531629562378},"size":5.391766548156738,"orthographic":false}