{"cameraMode":{"drawMode":0,"name":"Shaded","section":"Shading Mode"},"sceneLighting":false,"audioPlay":false,"sceneViewState":{"showFog":true,"showMaterialUpdate":false,"showSkybox":true,"showFlares":true,"showImageEffects":true,"showParticleSystems":true},"in2DMode":false,"pivot":{"x":0.12608712911605836,"y":0.5020127892494202,"z":0.21771474182605744},"rotation":{"x":0.00008895425708033144,"y":0.9997937083244324,"z":-0.019812772050499917,"w":0.004481970798224211},"size":5.048101902008057,"orthographic":false}