{"cameraMode":{"drawMode":0,"name":"Shaded","section":"Shading Mode"},"sceneLighting":false,"audioPlay":false,"sceneViewState":{"showFog":true,"showMaterialUpdate":false,"showSkybox":true,"showFlares":true,"showImageEffects":true,"showParticleSystems":true},"in2DMode":false,"pivot":{"x":0.1305471658706665,"y":2.8531575202941896,"z":0.15140199661254884},"rotation":{"x":-0.05841651186347008,"y":-0.6284873485565186,"z":0.04742337390780449,"w":-0.7741719484329224},"size":13.546807289123536,"orthographic":false}