{"cameraMode":{"drawMode":0,"name":"Shaded","section":"Shading Mode"},"sceneLighting":false,"audioPlay":false,"sceneViewState":{"showFog":true,"showMaterialUpdate":false,"showSkybox":true,"showFlares":true,"showImageEffects":true,"showParticleSystems":true},"in2DMode":false,"pivot":{"x":0.0,"y":0.600213885307312,"z":-0.2885211706161499},"rotation":{"x":-0.2363719493150711,"y":-0.03730291128158569,"z":0.009081747382879258,"w":-0.9709038734436035},"size":6.450161933898926,"orthographic":false}