{"cameraMode":{"drawMode":2,"name":"Shaded Wireframe","section":"Shading Mode"},"sceneLighting":false,"audioPlay":false,"sceneViewState":{"showFog":true,"showMaterialUpdate":false,"showSkybox":true,"showFlares":true,"showImageEffects":true,"showParticleSystems":true},"in2DMode":false,"pivot":{"x":9.699969291687012,"y":1.0707948207855225,"z":-21.60002899169922},"rotation":{"x":-0.22805361449718476,"y":0.6043375134468079,"z":-0.18615862727165223,"w":-0.7403463125228882},"size":46.80476760864258,"orthographic":false}