{"cameraMode":{"drawMode":0,"name":"Shaded","section":"Shading Mode"},"sceneLighting":false,"audioPlay":false,"sceneViewState":{"showFog":true,"showMaterialUpdate":false,"showSkybox":true,"showFlares":true,"showImageEffects":true,"showParticleSystems":true},"in2DMode":false,"pivot":{"x":0.585378885269165,"y":5.361630916595459,"z":-0.29150018095970156},"rotation":{"x":0.15312403440475465,"y":0.07610707730054856,"z":0.01182880811393261,"w":-0.9852008819580078},"size":8.614351272583008,"orthographic":false}