{"cameraMode":{"drawMode":0,"name":"Shaded","section":"Shading Mode"},"sceneLighting":false,"audioPlay":false,"sceneViewState":{"showFog":true,"showMaterialUpdate":false,"showSkybox":true,"showFlares":true,"showImageEffects":true,"showParticleSystems":true},"in2DMode":false,"pivot":{"x":-0.3001980185508728,"y":0.3565737009048462,"z":0.52888423204422},"rotation":{"x":-0.0012073664693161846,"y":-0.998786211013794,"z":0.032971907407045367,"w":-0.03657367080450058},"size":0.7579340934753418,"orthographic":false}