{"cameraMode":{"drawMode":0,"name":"Shaded","section":"Shading Mode"},"sceneLighting":false,"audioPlay":false,"sceneViewState":{"showFog":true,"showMaterialUpdate":false,"showSkybox":true,"showFlares":true,"showImageEffects":true,"showParticleSystems":true},"in2DMode":false,"pivot":{"x":5.132580280303955,"y":1.6211791038513184,"z":2.8358097076416017},"rotation":{"x":0.08355142176151276,"y":0.09104953706264496,"z":-0.007666634861379862,"w":0.9923055768013},"size":7.506950378417969,"orthographic":false}