{"cameraMode":{"drawMode":0,"name":"Shaded","section":"Shading Mode"},"sceneLighting":false,"audioPlay":false,"sceneViewState":{"showFog":true,"showMaterialUpdate":false,"showSkybox":true,"showFlares":true,"showImageEffects":true,"showParticleSystems":true},"in2DMode":false,"pivot":{"x":0.9586755037307739,"y":0.5178938508033752,"z":-2.738375663757324},"rotation":{"x":0.007908674888312817,"y":0.9916417002677918,"z":-0.10482160747051239,"w":0.07481110841035843},"size":4.485968589782715,"orthographic":false}