{"cameraMode":{"drawMode":0,"name":"Shaded","section":"Shading Mode"},"sceneLighting":false,"audioPlay":false,"sceneViewState":{"showFog":true,"showMaterialUpdate":false,"showSkybox":true,"showFlares":true,"showImageEffects":true,"showParticleSystems":true},"in2DMode":false,"pivot":{"x":4.3714447021484379,"y":-0.10955429077148438,"z":9.808300018310547},"rotation":{"x":0.019160674884915353,"y":0.8968409895896912,"z":-0.03903726860880852,"w":0.4402105212211609},"size":30.798492431640626,"orthographic":false}