{"cameraMode":{"drawMode":0,"name":"Shaded","section":"Shading Mode"},"sceneLighting":false,"audioPlay":false,"sceneViewState":{"showFog":true,"showMaterialUpdate":false,"showSkybox":true,"showFlares":true,"showImageEffects":true,"showParticleSystems":true},"in2DMode":false,"pivot":{"x":-0.008082151412963868,"y":0.8994175791740418,"z":-0.04638850688934326},"rotation":{"x":0.0011029960587620736,"y":0.9929070472717285,"z":-0.11852961033582688,"w":0.009233326651155949},"size":5.190037250518799,"orthographic":false}