{"cameraMode":{"drawMode":0,"name":"Shaded","section":"Shading Mode"},"sceneLighting":false,"audioPlay":false,"sceneViewState":{"showFog":true,"showMaterialUpdate":false,"showSkybox":true,"showFlares":true,"showImageEffects":true,"showParticleSystems":true},"in2DMode":false,"pivot":{"x":-0.39628344774246218,"y":0.48652195930480959,"z":0.13984620571136475},"rotation":{"x":0.0006242395611479878,"y":-0.9848394393920898,"z":0.17343105375766755,"w":0.003554506925866008},"size":3.757786989212036,"orthographic":false}