{"cameraMode":{"drawMode":0,"name":"Shaded","section":"Shading Mode"},"sceneLighting":false,"audioPlay":false,"sceneViewState":{"showFog":true,"showMaterialUpdate":false,"showSkybox":true,"showFlares":true,"showImageEffects":true,"showParticleSystems":true},"in2DMode":false,"pivot":{"x":-4.623628616333008,"y":-3.514756679534912,"z":5.144111156463623},"rotation":{"x":-0.044507451355457309,"y":-0.9291355013847351,"z":0.11911100149154663,"w":-0.3471872806549072},"size":24.862152099609376,"orthographic":false}