{"cameraMode":{"drawMode":0,"name":"Shaded","section":"Shading Mode"},"sceneLighting":false,"audioPlay":false,"sceneViewState":{"showFog":true,"showMaterialUpdate":false,"showSkybox":true,"showFlares":true,"showImageEffects":true,"showParticleSystems":true},"in2DMode":false,"pivot":{"x":-1.9947335720062256,"y":3.783270835876465,"z":1.00477933883667},"rotation":{"x":0.07940129935741425,"y":0.018836665898561479,"z":-0.001501297578215599,"w":0.9966636896133423},"size":9.029670715332032,"orthographic":false}