{"cameraMode":{"drawMode":0,"name":"Shaded","section":"Shading Mode"},"sceneLighting":false,"audioPlay":false,"sceneViewState":{"showFog":true,"showMaterialUpdate":false,"showSkybox":true,"showFlares":true,"showImageEffects":true,"showParticleSystems":true},"in2DMode":false,"pivot":{"x":1.7457475662231446,"y":2.9588446617126467,"z":-1.2246659994125367},"rotation":{"x":0.10476011782884598,"y":-0.029830491170287133,"z":0.003143326146528125,"w":0.994045078754425},"size":2.0781266689300539,"orthographic":false}