{"cameraMode":{"drawMode":0,"name":"Shaded","section":"Shading Mode"},"sceneLighting":false,"audioPlay":false,"sceneViewState":{"showFog":true,"showMaterialUpdate":false,"showSkybox":true,"showFlares":true,"showImageEffects":true,"showParticleSystems":true},"in2DMode":false,"pivot":{"x":0.020870033651590349,"y":0.300523042678833,"z":0.0},"rotation":{"x":-0.12375190854072571,"y":0.7109508514404297,"z":-0.12937167286872865,"w":-0.6800715327262878},"size":5.989272594451904,"orthographic":false}