{"cameraMode":{"drawMode":0,"name":"Shaded","section":"Shading Mode"},"sceneLighting":false,"audioPlay":false,"sceneViewState":{"showFog":true,"showMaterialUpdate":false,"showSkybox":true,"showFlares":true,"showImageEffects":true,"showParticleSystems":true},"in2DMode":false,"pivot":{"x":1.3238916397094727,"y":0.27268314361572268,"z":0.09849691390991211},"rotation":{"x":-0.16663919389247895,"y":-0.10158893465995789,"z":0.01725950837135315,"w":-0.9806187748908997},"size":4.110456466674805,"orthographic":false}