{"cameraMode":{"drawMode":0,"name":"Shaded","section":"Shading Mode"},"sceneLighting":false,"audioPlay":false,"sceneViewState":{"showFog":true,"showMaterialUpdate":false,"showSkybox":true,"showFlares":true,"showImageEffects":true,"showParticleSystems":true},"in2DMode":false,"pivot":{"x":-0.6633073091506958,"y":0.17276513576507569,"z":0.24919384717941285},"rotation":{"x":-0.023951971903443338,"y":0.062035102397203448,"z":-0.0014869049191474915,"w":-0.9977854490280151},"size":5.469443321228027,"orthographic":false}