{"cameraMode":{"drawMode":0,"name":"Shaded","section":"Shading Mode"},"sceneLighting":false,"audioPlay":false,"sceneViewState":{"showFog":true,"showMaterialUpdate":false,"showSkybox":true,"showFlares":true,"showImageEffects":true,"showParticleSystems":true},"in2DMode":false,"pivot":{"x":-0.035344600677490237,"y":2.5670690536499025,"z":-0.08574068546295166},"rotation":{"x":-0.010810640640556813,"y":-0.023402301594614984,"z":0.0002527511096559465,"w":-0.9996676445007324},"size":23.040361404418947,"orthographic":false}