{"cameraMode":{"drawMode":0,"name":"Shaded","section":"Shading Mode"},"sceneLighting":false,"audioPlay":false,"sceneViewState":{"showFog":true,"showMaterialUpdate":false,"showSkybox":true,"showFlares":true,"showImageEffects":true,"showParticleSystems":true},"in2DMode":false,"pivot":{"x":2.159801721572876,"y":1.4698395729064942,"z":-0.8450603485107422},"rotation":{"x":0.07632233202457428,"y":0.05232099071145058,"z":-0.004010838456451893,"w":0.9957014322280884},"size":7.379024982452393,"orthographic":false}