{"cameraMode":{"drawMode":0,"name":"Shaded","section":"Shading Mode"},"sceneLighting":false,"audioPlay":false,"sceneViewState":{"showFog":true,"showMaterialUpdate":false,"showSkybox":true,"showFlares":true,"showImageEffects":true,"showParticleSystems":true},"in2DMode":false,"pivot":{"x":1.299593210220337,"y":0.39973706007003786,"z":-0.12515699863433839},"rotation":{"x":-0.1352914422750473,"y":-0.3355211317539215,"z":0.04875887930393219,"w":-0.9309911131858826},"size":7.998108386993408,"orthographic":false}