{"cameraMode":{"drawMode":0,"name":"Shaded","section":"Shading Mode"},"sceneLighting":false,"audioPlay":false,"sceneViewState":{"showFog":true,"showMaterialUpdate":false,"showSkybox":true,"showFlares":true,"showImageEffects":true,"showParticleSystems":true},"in2DMode":false,"pivot":{"x":0.5709171295166016,"y":0.15020054578781129,"z":0.4900193214416504},"rotation":{"x":-0.07647030055522919,"y":-0.0848742350935936,"z":0.006537214852869511,"w":-0.9934314489364624},"size":2.610456705093384,"orthographic":false}