{"cameraMode":{"drawMode":0,"name":"Shaded","section":"Shading Mode"},"sceneLighting":false,"audioPlay":false,"sceneViewState":{"showFog":true,"showMaterialUpdate":false,"showSkybox":true,"showFlares":true,"showImageEffects":true,"showParticleSystems":true},"in2DMode":false,"pivot":{"x":-0.08037805557250977,"y":2.799400806427002,"z":-0.11082589626312256},"rotation":{"x":-0.039279595017433169,"y":0.03505970537662506,"z":-0.001379353809170425,"w":-0.998612105846405},"size":8.313616752624512,"orthographic":false}