{"cameraMode":{"drawMode":0,"name":"Shaded","section":"Shading Mode"},"sceneLighting":false,"audioPlay":false,"sceneViewState":{"showFog":true,"showMaterialUpdate":false,"showSkybox":true,"showFlares":true,"showImageEffects":true,"showParticleSystems":true},"in2DMode":false,"pivot":{"x":2.945948839187622,"y":1.2605478763580323,"z":0.33858349919319155},"rotation":{"x":-0.12929517030715943,"y":-0.6630966663360596,"z":0.11778971552848816,"w":-0.7278125882148743},"size":15.002359390258789,"orthographic":false}