{"cameraMode":{"drawMode":0,"name":"Shaded","section":"Shading Mode"},"sceneLighting":false,"audioPlay":false,"sceneViewState":{"showFog":true,"showMaterialUpdate":false,"showSkybox":true,"showFlares":true,"showImageEffects":true,"showParticleSystems":true},"in2DMode":false,"pivot":{"x":1.5244097709655762,"y":1.8052717447280884,"z":1.0180177688598633},"rotation":{"x":-0.12002533674240112,"y":-0.011642543599009514,"z":0.0014041453832760454,"w":-0.9927015900611877},"size":6.095077037811279,"orthographic":false}