{"cameraMode":{"drawMode":0,"name":"Shaded","section":"Shading Mode"},"sceneLighting":false,"audioPlay":false,"sceneViewState":{"showFog":true,"showMaterialUpdate":false,"showSkybox":true,"showFlares":true,"showImageEffects":true,"showParticleSystems":true},"in2DMode":false,"pivot":{"x":-0.029811322689056398,"y":2.7753372192382814,"z":-0.06695747375488281},"rotation":{"x":-0.039279595017433169,"y":0.03505970537662506,"z":-0.001379353809170425,"w":-0.998612105846405},"size":12.927752494812012,"orthographic":false}