{"cameraMode":{"drawMode":0,"name":"Shaded","section":"Shading Mode"},"sceneLighting":false,"audioPlay":false,"sceneViewState":{"showFog":true,"showMaterialUpdate":false,"showSkybox":true,"showFlares":true,"showImageEffects":true,"showParticleSystems":true},"in2DMode":false,"pivot":{"x":0.10425334423780441,"y":0.02813354879617691,"z":-1.0809332132339478},"rotation":{"x":0.08240325003862381,"y":-0.00986324530094862,"z":0.0008141137659549713,"w":0.9965499043464661},"size":27.16855239868164,"orthographic":false}