{"cameraMode":{"drawMode":0,"name":"Shaded","section":"Shading Mode"},"sceneLighting":false,"audioPlay":false,"sceneViewState":{"showFog":true,"showMaterialUpdate":false,"showSkybox":true,"showFlares":true,"showImageEffects":true,"showParticleSystems":true},"in2DMode":false,"pivot":{"x":-0.014928881078958512,"y":-0.00786692276597023,"z":0.000514689483679831},"rotation":{"x":-0.13074059784412385,"y":-0.19728459417819978,"z":0.02655729651451111,"w":-0.9712262749671936},"size":0.09119319915771485,"orthographic":false}