{"cameraMode":{"drawMode":0,"name":"Shaded","section":"Shading Mode"},"sceneLighting":false,"audioPlay":false,"sceneViewState":{"showFog":true,"showMaterialUpdate":false,"showSkybox":true,"showFlares":true,"showImageEffects":true,"showParticleSystems":true},"in2DMode":false,"pivot":{"x":-30.493762969970704,"y":5.151063919067383,"z":41.285308837890628},"rotation":{"x":-0.017643507570028306,"y":0.07074044644832611,"z":0.0012642254587262869,"w":0.9973379373550415},"size":32.79866027832031,"orthographic":false}