{"cameraMode":{"drawMode":0,"name":"Shaded","section":"Shading Mode"},"sceneLighting":false,"audioPlay":false,"sceneViewState":{"showFog":true,"showMaterialUpdate":false,"showSkybox":true,"showFlares":true,"showImageEffects":true,"showParticleSystems":true},"in2DMode":false,"pivot":{"x":2.5898971557617189,"y":0.20771026611328126,"z":0.3625822067260742},"rotation":{"x":-0.2068948745727539,"y":0.061855465173721316,"z":-0.013111790642142296,"w":-0.9763178825378418},"size":8.083316802978516,"orthographic":false}