{"cameraMode":{"drawMode":0,"name":"Shaded","section":"Shading Mode"},"sceneLighting":false,"audioPlay":false,"sceneViewState":{"showFog":true,"showMaterialUpdate":false,"showSkybox":true,"showFlares":true,"showImageEffects":true,"showParticleSystems":true},"in2DMode":false,"pivot":{"x":-0.013092517852783203,"y":2.6461949348449709,"z":0.042555809020996097},"rotation":{"x":-0.04967682436108589,"y":-0.06826779246330261,"z":0.003403179347515106,"w":-0.9964237213134766},"size":10.587600708007813,"orthographic":false}