{"cameraMode":{"drawMode":0,"name":"Shaded","section":"Shading Mode"},"sceneLighting":false,"audioPlay":false,"sceneViewState":{"showFog":true,"showMaterialUpdate":false,"showSkybox":true,"showFlares":true,"showImageEffects":true,"showParticleSystems":true},"in2DMode":false,"pivot":{"x":922.4940185546875,"y":565.1851196289063,"z":-24.7320556640625},"rotation":{"x":-0.10740333795547486,"y":-0.11249667406082154,"z":0.01223201584070921,"w":-0.9877547025680542},"size":2440.0302734375,"orthographic":false}