{"cameraMode":{"drawMode":0,"name":"Shaded","section":"Shading Mode"},"sceneLighting":false,"audioPlay":false,"sceneViewState":{"showFog":true,"showMaterialUpdate":false,"showSkybox":true,"showFlares":true,"showImageEffects":true,"showParticleSystems":true},"in2DMode":false,"pivot":{"x":226.71295166015626,"y":628.52783203125,"z":44.252193450927737},"rotation":{"x":-0.055756524205207828,"y":-0.029352763667702676,"z":0.0016399406595155597,"w":-0.9980115294456482},"size":265.9779052734375,"orthographic":false}