{"cameraMode":{"drawMode":0,"name":"Shaded","section":"Shading Mode"},"sceneLighting":false,"audioPlay":false,"sceneViewState":{"showFog":true,"showMaterialUpdate":false,"showSkybox":true,"showFlares":true,"showImageEffects":true,"showParticleSystems":true},"in2DMode":false,"pivot":{"x":-5.314696311950684,"y":0.534103274345398,"z":3.4984402656555177},"rotation":{"x":0.4200117886066437,"y":-0.012250936590135098,"z":0.005670518614351749,"w":0.9074182510375977},"size":3.1341114044189455,"orthographic":false}