{"cameraMode":{"drawMode":0,"name":"Shaded","section":"Shading Mode"},"sceneLighting":false,"audioPlay":false,"sceneViewState":{"showFog":true,"showMaterialUpdate":false,"showSkybox":true,"showFlares":true,"showImageEffects":true,"showParticleSystems":true},"in2DMode":false,"pivot":{"x":-0.029811322689056398,"y":2.7753372192382814,"z":-0.06695747375488281},"rotation":{"x":-0.013861089013516903,"y":-0.7143576145172119,"z":0.014156910590827465,"w":-0.699500322341919},"size":8.15749454498291,"orthographic":false}