{"cameraMode":{"drawMode":0,"name":"Shaded","section":"Shading Mode"},"sceneLighting":false,"audioPlay":false,"sceneViewState":{"showFog":true,"showMaterialUpdate":false,"showSkybox":true,"showFlares":true,"showImageEffects":true,"showParticleSystems":true},"in2DMode":false,"pivot":{"x":0.08552148938179016,"y":0.3183165490627289,"z":-0.5138376951217651},"rotation":{"x":-0.05983298644423485,"y":-0.1203882023692131,"z":0.007269614841789007,"w":-0.9908955097198486},"size":8.889653205871582,"orthographic":false}