{"cameraMode":{"drawMode":0,"name":"Shaded","section":"Shading Mode"},"sceneLighting":false,"audioPlay":false,"sceneViewState":{"showFog":true,"showMaterialUpdate":false,"showSkybox":true,"showFlares":true,"showImageEffects":true,"showParticleSystems":true},"in2DMode":false,"pivot":{"x":0.7295700907707214,"y":-0.09736935049295426,"z":0.21563850343227387},"rotation":{"x":-0.11143625527620316,"y":-0.8885647058486939,"z":0.31513163447380068,"w":-0.31420832872390749},"size":3.3347902297973635,"orthographic":false}