{"cameraMode":{"drawMode":0,"name":"Shaded","section":"Shading Mode"},"sceneLighting":false,"audioPlay":false,"sceneViewState":{"showFog":true,"showMaterialUpdate":false,"showSkybox":true,"showFlares":true,"showImageEffects":true,"showParticleSystems":true},"in2DMode":false,"pivot":{"x":-0.000003814697265625,"y":-0.10000000149011612,"z":0.00000286102294921875},"rotation":{"x":-0.17152352631092072,"y":0.6507575511932373,"z":-0.15430369973182679,"w":-0.7233841419219971},"size":46.67021942138672,"orthographic":false}