{"cameraMode":{"drawMode":0,"name":"Shaded","section":"Shading Mode"},"sceneLighting":false,"audioPlay":false,"sceneViewState":{"showFog":true,"showMaterialUpdate":false,"showSkybox":true,"showFlares":true,"showImageEffects":true,"showParticleSystems":true},"in2DMode":false,"pivot":{"x":1.334407091140747,"y":-0.8491964936256409,"z":0.749767541885376},"rotation":{"x":-0.1315050572156906,"y":0.04072294011712074,"z":-0.005408308934420347,"w":-0.9904639720916748},"size":25.766401290893556,"orthographic":false}