{"cameraMode":{"drawMode":0,"name":"Shaded","section":"Shading Mode"},"sceneLighting":false,"audioPlay":false,"sceneViewState":{"showFog":true,"showMaterialUpdate":false,"showSkybox":true,"showFlares":true,"showImageEffects":true,"showParticleSystems":true},"in2DMode":false,"pivot":{"x":3.9408161640167238,"y":-1.2466504573822022,"z":2.6930124759674074},"rotation":{"x":-0.16171564161777497,"y":0.8382846713066101,"z":-0.368337482213974,"w":-0.368041455745697},"size":27.243085861206056,"orthographic":false}