{"cameraMode":{"drawMode":0,"name":"Shaded","section":"Shading Mode"},"sceneLighting":false,"audioPlay":false,"sceneViewState":{"showFog":true,"showMaterialUpdate":false,"showSkybox":true,"showFlares":true,"showImageEffects":true,"showParticleSystems":true},"in2DMode":false,"pivot":{"x":-1.882205605506897,"y":2.7667293548583986,"z":4.802874565124512},"rotation":{"x":-0.02131224051117897,"y":0.0005945104639977217,"z":-0.000011820404324680567,"w":-0.9997727274894714},"size":17.09080696105957,"orthographic":false}