{"cameraMode":{"drawMode":0,"name":"Shaded","section":"Shading Mode"},"sceneLighting":false,"audioPlay":false,"sceneViewState":{"showFog":true,"showMaterialUpdate":false,"showSkybox":true,"showFlares":true,"showImageEffects":true,"showParticleSystems":true},"in2DMode":false,"pivot":{"x":0.5110303163528442,"y":0.5820572972297669,"z":-1.1011199951171876},"rotation":{"x":-0.0017226531635969878,"y":0.30610334873199465,"z":-0.0005539414705708623,"w":-0.9519965648651123},"size":7.034544467926025,"orthographic":false}