{"cameraMode":{"drawMode":0,"name":"Shaded","section":"Shading Mode"},"sceneLighting":false,"audioPlay":false,"sceneViewState":{"showFog":true,"showMaterialUpdate":false,"showSkybox":true,"showFlares":true,"showImageEffects":true,"showParticleSystems":true},"in2DMode":false,"pivot":{"x":-0.1136297881603241,"y":2.8523378372192385,"z":-9.601950645446778},"rotation":{"x":0.2686852216720581,"y":-0.08021542429924011,"z":0.022458789870142938,"w":0.959619402885437},"size":3.96331524848938,"orthographic":false}