{"cameraMode":{"drawMode":0,"name":"Shaded","section":"Shading Mode"},"sceneLighting":false,"audioPlay":false,"sceneViewState":{"showFog":true,"showMaterialUpdate":false,"showSkybox":true,"showFlares":true,"showImageEffects":true,"showParticleSystems":true},"in2DMode":false,"pivot":{"x":-0.12879228591918946,"y":0.14744412899017335,"z":-0.17242543399333955},"rotation":{"x":-0.001500026206485927,"y":-0.021905429661273958,"z":0.000034336208045715466,"w":-0.9997588992118836},"size":2.756265878677368,"orthographic":false}