{"cameraMode":{"drawMode":0,"name":"Shaded","section":"Shading Mode"},"sceneLighting":false,"audioPlay":false,"sceneViewState":{"showFog":true,"showMaterialUpdate":false,"showSkybox":true,"showFlares":true,"showImageEffects":true,"showParticleSystems":true},"in2DMode":false,"pivot":{"x":0.42500758171081545,"y":4.440592288970947,"z":-0.39033055305480959},"rotation":{"x":-0.05070439353585243,"y":-0.46447446942329409,"z":0.02664194628596306,"w":-0.8837323784828186},"size":17.45050811767578,"orthographic":false}