{"cameraMode":{"drawMode":0,"name":"Shaded","section":"Shading Mode"},"sceneLighting":false,"audioPlay":false,"sceneViewState":{"showFog":true,"showMaterialUpdate":false,"showSkybox":true,"showFlares":true,"showImageEffects":true,"showParticleSystems":true},"in2DMode":false,"pivot":{"x":0.18147897720336915,"y":3.0054001808166506,"z":0.02955794334411621},"rotation":{"x":-0.039279595017433169,"y":0.03505970537662506,"z":-0.001379353809170425,"w":-0.998612105846405},"size":12.765521049499512,"orthographic":false}