{"cameraMode":{"drawMode":0,"name":"Shaded","section":"Shading Mode"},"sceneLighting":false,"audioPlay":false,"sceneViewState":{"showFog":true,"showMaterialUpdate":false,"showSkybox":true,"showFlares":true,"showImageEffects":true,"showParticleSystems":true},"in2DMode":false,"pivot":{"x":5.888181686401367,"y":1.2005001306533814,"z":1.877517819404602},"rotation":{"x":-0.13844674825668336,"y":-0.4516775906085968,"z":0.07118170708417893,"w":-0.8784947991371155},"size":3.8578507900238039,"orthographic":false}