{"cameraMode":{"drawMode":0,"name":"Shaded","section":"Shading Mode"},"sceneLighting":false,"audioPlay":false,"sceneViewState":{"showFog":true,"showMaterialUpdate":false,"showSkybox":true,"showFlares":true,"showImageEffects":true,"showParticleSystems":true},"in2DMode":false,"pivot":{"x":13.684304237365723,"y":-13.013174057006836,"z":63.556236267089847},"rotation":{"x":-0.18512363731861115,"y":-0.10093387961387634,"z":0.019116131588816644,"w":-0.9773311614990234},"size":195.47938537597657,"orthographic":false}