{"cameraMode":{"drawMode":0,"name":"Shaded","section":"Shading Mode"},"sceneLighting":false,"audioPlay":false,"sceneViewState":{"showFog":true,"showMaterialUpdate":false,"showSkybox":true,"showFlares":true,"showImageEffects":true,"showParticleSystems":true},"in2DMode":false,"pivot":{"x":0.0,"y":-1.5630226135253907,"z":5.400000095367432},"rotation":{"x":-0.04498323053121567,"y":0.00658394955098629,"z":-0.0002984137099701911,"w":-0.9989660382270813},"size":5.7865891456604,"orthographic":false}