{"cameraMode":{"drawMode":0,"name":"Shaded","section":"Shading Mode"},"sceneLighting":false,"audioPlay":false,"sceneViewState":{"showFog":true,"showMaterialUpdate":false,"showSkybox":true,"showFlares":true,"showImageEffects":true,"showParticleSystems":true},"in2DMode":false,"pivot":{"x":4.609738349914551,"y":0.19379419088363648,"z":0.8543833494186401},"rotation":{"x":0.0005214035627432168,"y":-0.9994670748710632,"z":-0.025492120534181596,"w":-0.020380424335598947},"size":26.08169174194336,"orthographic":false}