{"cameraMode":{"drawMode":0,"name":"Shaded","section":"Shading Mode"},"sceneLighting":false,"audioPlay":false,"sceneViewState":{"showFog":true,"showMaterialUpdate":false,"showSkybox":true,"showFlares":true,"showImageEffects":true,"showParticleSystems":true},"in2DMode":false,"pivot":{"x":0.0,"y":0.2276909500360489,"z":-1.5359997749328614},"rotation":{"x":0.07750600576400757,"y":0.9200453758239746,"z":-0.23424595594406129,"w":0.30436527729034426},"size":10.086856842041016,"orthographic":false}