{"cameraMode":{"drawMode":2,"name":"Shaded Wireframe","section":"Shading Mode"},"sceneLighting":false,"audioPlay":false,"sceneViewState":{"showFog":true,"showMaterialUpdate":false,"showSkybox":true,"showFlares":true,"showImageEffects":true,"showParticleSystems":true},"in2DMode":false,"pivot":{"x":-2.2392120361328127,"y":0.4884265661239624,"z":3.7625019550323488},"rotation":{"x":-0.2638927400112152,"y":0.17728330194950105,"z":-0.04941156134009361,"w":-0.9468315243721008},"size":2.7252683639526369,"orthographic":false}