{"cameraMode":{"drawMode":0,"name":"Shaded","section":"Shading Mode"},"sceneLighting":false,"audioPlay":false,"sceneViewState":{"showFog":true,"showMaterialUpdate":false,"showSkybox":true,"showFlares":true,"showImageEffects":true,"showParticleSystems":true},"in2DMode":false,"pivot":{"x":2.469460964202881,"y":0.616058886051178,"z":-2.5424768924713136},"rotation":{"x":-0.007133353967219591,"y":0.7140443325042725,"z":0.007276965770870447,"w":0.7000263929367065},"size":9.744251251220704,"orthographic":false}