{"cameraMode":{"drawMode":0,"name":"Shaded","section":"Shading Mode"},"sceneLighting":false,"audioPlay":false,"sceneViewState":{"showFog":true,"showMaterialUpdate":false,"showSkybox":true,"showFlares":true,"showImageEffects":true,"showParticleSystems":true},"in2DMode":false,"pivot":{"x":0.4417307376861572,"y":6.563388347625732,"z":0.18241724371910096},"rotation":{"x":0.0885438323020935,"y":0.058547087013721469,"z":-0.005212096497416496,"w":0.9943366050720215},"size":13.218661308288575,"orthographic":false}