{"cameraMode":{"drawMode":0,"name":"Shaded","section":"Shading Mode"},"sceneLighting":false,"audioPlay":false,"sceneViewState":{"showFog":true,"showMaterialUpdate":false,"showSkybox":true,"showFlares":true,"showImageEffects":true,"showParticleSystems":true},"in2DMode":false,"pivot":{"x":30.340301513671876,"y":38.54189682006836,"z":13.202510833740235},"rotation":{"x":0.022497333586215974,"y":0.008997460827231408,"z":-0.00020288389350753278,"w":0.9997063875198364},"size":5.595659255981445,"orthographic":false}