{"cameraMode":{"drawMode":0,"name":"Shaded","section":"Shading Mode"},"sceneLighting":false,"audioPlay":false,"sceneViewState":{"showFog":true,"showMaterialUpdate":false,"showSkybox":true,"showFlares":true,"showImageEffects":true,"showParticleSystems":true},"in2DMode":false,"pivot":{"x":2.3769850730895998,"y":2.8533122539520265,"z":-4.028786659240723},"rotation":{"x":0.007462251000106335,"y":-0.10032893717288971,"z":0.0007521867519244552,"w":0.9949260950088501},"size":3.3367836475372316,"orthographic":false}