{"cameraMode":{"drawMode":0,"name":"Shaded","section":"Shading Mode"},"sceneLighting":false,"audioPlay":false,"sceneViewState":{"showFog":true,"showMaterialUpdate":false,"showSkybox":true,"showFlares":true,"showImageEffects":true,"showParticleSystems":true},"in2DMode":false,"pivot":{"x":-0.0679178237915039,"y":0.08418118953704834,"z":-0.0056296586990356449},"rotation":{"x":-0.2630862295627594,"y":0.6915410757064819,"z":-0.30288204550743105,"w":-0.600682258605957},"size":16.875337600708009,"orthographic":false}