{"cameraMode":{"drawMode":0,"name":"Shaded","section":"Shading Mode"},"sceneLighting":false,"audioPlay":false,"sceneViewState":{"showFog":true,"showMaterialUpdate":false,"showSkybox":true,"showFlares":true,"showImageEffects":true,"showParticleSystems":true},"in2DMode":false,"pivot":{"x":-0.39628344774246218,"y":0.48652195930480959,"z":0.13984620571136475},"rotation":{"x":0.0032622353173792364,"y":-0.9966675639152527,"z":0.06318715959787369,"w":0.05148276686668396},"size":2.8577871322631838,"orthographic":false}