{"cameraMode":{"drawMode":2,"name":"Shaded Wireframe","section":"Shading Mode"},"sceneLighting":false,"audioPlay":false,"sceneViewState":{"showFog":true,"showMaterialUpdate":false,"showSkybox":true,"showFlares":true,"showImageEffects":true,"showParticleSystems":true},"in2DMode":false,"pivot":{"x":-26.67174530029297,"y":-19.650489807128908,"z":4.366122722625732},"rotation":{"x":-0.22805361449718476,"y":0.6043375134468079,"z":-0.18615862727165223,"w":-0.7403463125228882},"size":39.87645721435547,"orthographic":false}