{"cameraMode":{"drawMode":0,"name":"Shaded","section":"Shading Mode"},"sceneLighting":false,"audioPlay":false,"sceneViewState":{"showFog":true,"showMaterialUpdate":false,"showSkybox":true,"showFlares":true,"showImageEffects":true,"showParticleSystems":true},"in2DMode":false,"pivot":{"x":62.20000076293945,"y":1.2169772386550904,"z":0.0},"rotation":{"x":-0.04498323053121567,"y":0.00658394955098629,"z":-0.0002984137099701911,"w":-0.9989660382270813},"size":7.189630508422852,"orthographic":false}