{"cameraMode":{"drawMode":0,"name":"Shaded","section":"Shading Mode"},"sceneLighting":false,"audioPlay":false,"sceneViewState":{"showFog":true,"showMaterialUpdate":false,"showSkybox":true,"showFlares":true,"showImageEffects":true,"showParticleSystems":true},"in2DMode":false,"pivot":{"x":-8.589842796325684,"y":0.4428102672100067,"z":3.5712411403656008},"rotation":{"x":0.4200117886066437,"y":-0.012250936590135098,"z":0.005670518614351749,"w":0.9074182510375977},"size":2.996281385421753,"orthographic":false}