{"cameraMode":{"drawMode":0,"name":"Shaded","section":"Shading Mode"},"sceneLighting":false,"audioPlay":false,"sceneViewState":{"showFog":true,"showMaterialUpdate":false,"showSkybox":true,"showFlares":true,"showImageEffects":true,"showParticleSystems":true},"in2DMode":false,"pivot":{"x":-0.0000040531158447265628,"y":1.2231731414794922,"z":-0.13348984718322755},"rotation":{"x":-0.3211747407913208,"y":0.5547780990600586,"z":-0.24496892094612122,"w":-0.7273639440536499},"size":11.299083709716797,"orthographic":false}