{"cameraMode":{"drawMode":0,"name":"Shaded","section":"Shading Mode"},"sceneLighting":false,"audioPlay":false,"sceneViewState":{"showFog":true,"showMaterialUpdate":false,"showSkybox":true,"showFlares":true,"showImageEffects":true,"showParticleSystems":true},"in2DMode":false,"pivot":{"x":-0.014928881078958512,"y":-0.00786692276597023,"z":0.000514689483679831},"rotation":{"x":-0.13074058294296266,"y":-0.19728457927703858,"z":0.02655729465186596,"w":-0.9712262153625488},"size":0.09119319915771485,"orthographic":false}