{"cameraMode":{"drawMode":0,"name":"Shaded","section":"Shading Mode"},"sceneLighting":false,"audioPlay":false,"sceneViewState":{"showFog":true,"showMaterialUpdate":false,"showSkybox":true,"showFlares":true,"showImageEffects":true,"showParticleSystems":true},"in2DMode":false,"pivot":{"x":0.4781923294067383,"y":1.3559081554412842,"z":-0.1890416145324707},"rotation":{"x":-0.057270485907793048,"y":-0.01587720401585102,"z":0.0009043689933605492,"w":-0.9982321262359619},"size":16.804866790771486,"orthographic":false}