{"cameraMode":{"drawMode":0,"name":"Shaded","section":"Shading Mode"},"sceneLighting":false,"audioPlay":false,"sceneViewState":{"showFog":true,"showMaterialUpdate":false,"showSkybox":true,"showFlares":true,"showImageEffects":true,"showParticleSystems":true},"in2DMode":false,"pivot":{"x":47.45922088623047,"y":42.8874626159668,"z":-0.6616724729537964},"rotation":{"x":0.06260905414819718,"y":-0.03383275121450424,"z":-0.002123885555192828,"w":-0.997462272644043},"size":225.3937225341797,"orthographic":false}