{"cameraMode":{"drawMode":0,"name":"Shaded","section":"Shading Mode"},"sceneLighting":false,"audioPlay":false,"sceneViewState":{"showFog":true,"showMaterialUpdate":false,"showSkybox":true,"showFlares":true,"showImageEffects":true,"showParticleSystems":true},"in2DMode":false,"pivot":{"x":1.6007447242736817,"y":2.0455760955810549,"z":5.811867713928223},"rotation":{"x":-0.04947773739695549,"y":0.005992126651108265,"z":0.00029698206344619393,"w":0.9987572431564331},"size":16.477968215942384,"orthographic":false}