{"cameraMode":{"drawMode":0,"name":"Shaded","section":"Shading Mode"},"sceneLighting":false,"audioPlay":false,"sceneViewState":{"showFog":true,"showMaterialUpdate":false,"showSkybox":true,"showFlares":true,"showImageEffects":true,"showParticleSystems":true},"in2DMode":false,"pivot":{"x":-14.46122932434082,"y":9.260000228881836,"z":10.070980072021485},"rotation":{"x":-0.10137402266263962,"y":-0.09328322857618332,"z":0.009546749293804169,"w":-0.9904193878173828},"size":40.91229248046875,"orthographic":false}