{"cameraMode":{"drawMode":0,"name":"Shaded","section":"Shading Mode"},"sceneLighting":false,"audioPlay":false,"sceneViewState":{"showFog":true,"showMaterialUpdate":false,"showSkybox":true,"showFlares":true,"showImageEffects":true,"showParticleSystems":true},"in2DMode":false,"pivot":{"x":-0.08931851387023926,"y":0.04902994632720947,"z":0.01610386371612549},"rotation":{"x":-0.2630862295627594,"y":0.6915410757064819,"z":-0.30288204550743105,"w":-0.600682258605957},"size":9.922582626342774,"orthographic":false}