{"cameraMode":{"drawMode":0,"name":"Shaded","section":"Shading Mode"},"sceneLighting":false,"audioPlay":false,"sceneViewState":{"showFog":true,"showMaterialUpdate":false,"showSkybox":true,"showFlares":true,"showImageEffects":true,"showParticleSystems":true},"in2DMode":false,"pivot":{"x":0.13949425518512727,"y":0.13560518622398377,"z":0.15314601361751557},"rotation":{"x":-0.04957876726984978,"y":0.44773194193840029,"z":0.024880433455109597,"w":0.8924455642700195},"size":25.702638626098634,"orthographic":false}