{"cameraMode":{"drawMode":0,"name":"Shaded","section":"Shading Mode"},"sceneLighting":false,"audioPlay":false,"sceneViewState":{"showFog":true,"showMaterialUpdate":false,"showSkybox":true,"showFlares":true,"showImageEffects":true,"showParticleSystems":true},"in2DMode":false,"pivot":{"x":0.11499404162168503,"y":2.534318685531616,"z":0.6800312995910645},"rotation":{"x":-0.08568873256444931,"y":-0.018832223489880563,"z":0.001620447146706283,"w":-0.9961426854133606},"size":7.79982328414917,"orthographic":false}