{"cameraMode":{"drawMode":0,"name":"Shaded","section":"Shading Mode"},"sceneLighting":false,"audioPlay":false,"sceneViewState":{"showFog":true,"showMaterialUpdate":false,"showSkybox":true,"showFlares":true,"showImageEffects":true,"showParticleSystems":true},"in2DMode":false,"pivot":{"x":-0.009181590750813485,"y":0.012479424476623536,"z":0.006816459819674492},"rotation":{"x":0.1292170137166977,"y":-0.5768318176269531,"z":0.09303168207406998,"w":0.8011947870254517},"size":0.07854097336530686,"orthographic":false}