{"cameraMode":{"drawMode":2,"name":"Shaded Wireframe","section":"Shading Mode"},"sceneLighting":false,"audioPlay":false,"sceneViewState":{"showFog":true,"showMaterialUpdate":false,"showSkybox":true,"showFlares":true,"showImageEffects":true,"showParticleSystems":true},"in2DMode":false,"pivot":{"x":9.703410148620606,"y":1.0638484954833985,"z":-0.5000238418579102},"rotation":{"x":-0.22805361449718476,"y":0.6043375134468079,"z":-0.18615862727165223,"w":-0.7403463125228882},"size":46.814510345458987,"orthographic":false}