{"cameraMode":{"drawMode":0,"name":"Shaded","section":"Shading Mode"},"sceneLighting":false,"audioPlay":false,"sceneViewState":{"showFog":true,"showMaterialUpdate":false,"showSkybox":true,"showFlares":true,"showImageEffects":true,"showParticleSystems":true},"in2DMode":false,"pivot":{"x":0.8515245318412781,"y":1.1271414756774903,"z":1.4302783012390137},"rotation":{"x":0.2119981199502945,"y":-0.08781886845827103,"z":0.019131546840071679,"w":0.9731282591819763},"size":7.59942626953125,"orthographic":false}