{"cameraMode":{"drawMode":0,"name":"Shaded","section":"Shading Mode"},"sceneLighting":false,"audioPlay":false,"sceneViewState":{"showFog":true,"showMaterialUpdate":false,"showSkybox":true,"showFlares":true,"showImageEffects":true,"showParticleSystems":true},"in2DMode":false,"pivot":{"x":0.029078533872961999,"y":0.011414696462452412,"z":-0.014388009905815125},"rotation":{"x":-0.1647375077009201,"y":-0.17882971465587617,"z":0.030386148020625116,"w":-0.9695144891738892},"size":0.05083836242556572,"orthographic":false}