{"cameraMode":{"drawMode":0,"name":"Shaded","section":"Shading Mode"},"sceneLighting":false,"audioPlay":false,"sceneViewState":{"showFog":true,"showMaterialUpdate":false,"showSkybox":true,"showFlares":true,"showImageEffects":true,"showParticleSystems":true},"in2DMode":false,"pivot":{"x":-6.492535591125488,"y":-13.623039245605469,"z":-5.925044536590576},"rotation":{"x":-0.13225746154785157,"y":0.8402091264724731,"z":-0.23661074042320252,"w":-0.4696510434150696},"size":0.35989314317703249,"orthographic":false}