{"cameraMode":{"drawMode":0,"name":"Shaded","section":"Shading Mode"},"sceneLighting":false,"audioPlay":false,"sceneViewState":{"showFog":true,"showMaterialUpdate":false,"showSkybox":true,"showFlares":true,"showImageEffects":true,"showParticleSystems":true},"in2DMode":false,"pivot":{"x":0.011902451515197754,"y":1.4271081686019898,"z":-0.00979524850845337},"rotation":{"x":-0.008215037174522877,"y":-0.8038719296455383,"z":0.011104739271104336,"w":-0.5946420431137085},"size":6.836098670959473,"orthographic":false}