{"cameraMode":{"drawMode":0,"name":"Shaded","section":"Shading Mode"},"sceneLighting":false,"audioPlay":false,"sceneViewState":{"showFog":true,"showMaterialUpdate":false,"showSkybox":true,"showFlares":true,"showImageEffects":true,"showParticleSystems":true},"in2DMode":false,"pivot":{"x":0.2545187473297119,"y":0.48673999309539797,"z":-0.16484856605529786},"rotation":{"x":-0.3211747407913208,"y":0.5547780990600586,"z":-0.24496892094612122,"w":-0.7273639440536499},"size":7.554759502410889,"orthographic":false}