{"cameraMode":{"drawMode":0,"name":"Shaded","section":"Shading Mode"},"sceneLighting":false,"audioPlay":false,"sceneViewState":{"showFog":true,"showMaterialUpdate":false,"showSkybox":true,"showFlares":true,"showImageEffects":true,"showParticleSystems":true},"in2DMode":false,"pivot":{"x":-0.023227959871292115,"y":2.5082943439483644,"z":-0.18237581849098206},"rotation":{"x":0.08804398030042649,"y":-0.11533036082983017,"z":0.01026555709540844,"w":0.9893643260002136},"size":9.310083389282227,"orthographic":false}