{"cameraMode":{"drawMode":0,"name":"Shaded","section":"Shading Mode"},"sceneLighting":false,"audioPlay":false,"sceneViewState":{"showFog":true,"showMaterialUpdate":false,"showSkybox":true,"showFlares":true,"showImageEffects":true,"showParticleSystems":true},"in2DMode":false,"pivot":{"x":2.723378896713257,"y":-1.4351849555969239,"z":3.8120999336242677},"rotation":{"x":0.27077457308769228,"y":0.04474138095974922,"z":-0.012599902227520943,"w":0.9615199565887451},"size":11.000277519226075,"orthographic":false}