{"cameraMode":{"drawMode":0,"name":"Shaded","section":"Shading Mode"},"sceneLighting":false,"audioPlay":false,"sceneViewState":{"showFog":true,"showMaterialUpdate":false,"showSkybox":true,"showFlares":true,"showImageEffects":true,"showParticleSystems":true},"in2DMode":false,"pivot":{"x":39.20635986328125,"y":3.6815743446350099,"z":-0.21702177822589875},"rotation":{"x":0.02409449778497219,"y":0.973396897315979,"z":-0.12181973457336426,"w":0.19255612790584565},"size":10.029309272766114,"orthographic":false}