{"cameraMode":{"drawMode":0,"name":"Shaded","section":"Shading Mode"},"sceneLighting":false,"audioPlay":false,"sceneViewState":{"showFog":true,"showMaterialUpdate":false,"showSkybox":true,"showFlares":true,"showImageEffects":true,"showParticleSystems":true},"in2DMode":false,"pivot":{"x":-6.62250280380249,"y":-1.72190523147583,"z":0.8121988773345947},"rotation":{"x":0.016481364145874978,"y":0.04706863686442375,"z":0.000777273962739855,"w":-0.9987554550170898},"size":29.47797966003418,"orthographic":false}