{"cameraMode":{"drawMode":0,"name":"Shaded","section":"Shading Mode"},"sceneLighting":false,"audioPlay":false,"sceneViewState":{"showFog":true,"showMaterialUpdate":false,"showSkybox":true,"showFlares":true,"showImageEffects":true,"showParticleSystems":true},"in2DMode":false,"pivot":{"x":-0.02756333351135254,"y":1.6096558570861817,"z":-0.004927873611450195},"rotation":{"x":-0.2916322350502014,"y":0.638549268245697,"z":-0.285399466753006,"w":-0.6524972915649414},"size":10.578742027282715,"orthographic":false}