{"cameraMode":{"drawMode":0,"name":"Shaded","section":"Shading Mode"},"sceneLighting":false,"audioPlay":false,"sceneViewState":{"showFog":true,"showMaterialUpdate":false,"showSkybox":true,"showFlares":true,"showImageEffects":true,"showParticleSystems":true},"in2DMode":false,"pivot":{"x":-3.0361971855163576,"y":2.993396043777466,"z":2.6308090686798097},"rotation":{"x":-0.24614089727401734,"y":-0.005244036670774221,"z":0.0013327262131497264,"w":-0.9692190289497376},"size":37.129024505615237,"orthographic":false}