{"cameraMode":{"drawMode":0,"name":"Shaded","section":"Shading Mode"},"sceneLighting":false,"audioPlay":false,"sceneViewState":{"showFog":true,"showMaterialUpdate":false,"showSkybox":true,"showFlares":true,"showImageEffects":true,"showParticleSystems":true},"in2DMode":false,"pivot":{"x":0.0000019073486328125,"y":4.75160026550293,"z":-0.5364069938659668},"rotation":{"x":-0.17152352631092072,"y":0.6507575511932373,"z":-0.15430369973182679,"w":-0.7233841419219971},"size":42.415653228759769,"orthographic":false}