{"cameraMode":{"drawMode":0,"name":"Shaded","section":"Shading Mode"},"sceneLighting":false,"audioPlay":false,"sceneViewState":{"showFog":true,"showMaterialUpdate":false,"showSkybox":true,"showFlares":true,"showImageEffects":true,"showParticleSystems":true},"in2DMode":false,"pivot":{"x":2.7963051795959474,"y":2.139068603515625,"z":4.556889533996582},"rotation":{"x":-0.09879191219806671,"y":0.02984864078462124,"z":0.0029647056944668295,"w":0.994655966758728},"size":10.073284149169922,"orthographic":false}