{"cameraMode":{"drawMode":0,"name":"Shaded","section":"Shading Mode"},"sceneLighting":false,"audioPlay":false,"sceneViewState":{"showFog":true,"showMaterialUpdate":false,"showSkybox":true,"showFlares":true,"showImageEffects":true,"showParticleSystems":true},"in2DMode":false,"pivot":{"x":165.87384033203126,"y":8.044906616210938,"z":-0.15751910209655763},"rotation":{"x":-0.004199192859232426,"y":-0.008409352041780949,"z":0.00003235706390114501,"w":-0.9999558925628662},"size":14.289422035217286,"orthographic":false}