{"cameraMode":{"drawMode":0,"name":"Shaded","section":"Shading Mode"},"sceneLighting":false,"audioPlay":false,"sceneViewState":{"showFog":true,"showMaterialUpdate":false,"showSkybox":true,"showFlares":true,"showImageEffects":true,"showParticleSystems":true},"in2DMode":false,"pivot":{"x":339.8091125488281,"y":5.9005231857299809,"z":-0.05342629551887512},"rotation":{"x":-0.16975611448287965,"y":-0.03636585921049118,"z":0.0062644705176353458,"w":-0.9847949743270874},"size":3.589268684387207,"orthographic":false}