{"cameraMode":{"drawMode":0,"name":"Shaded","section":"Shading Mode"},"sceneLighting":false,"audioPlay":false,"sceneViewState":{"showFog":true,"showMaterialUpdate":false,"showSkybox":true,"showFlares":true,"showImageEffects":true,"showParticleSystems":true},"in2DMode":false,"pivot":{"x":-5.609345436096191,"y":-10.518685340881348,"z":0.6425156593322754},"rotation":{"x":-0.3211747407913208,"y":0.5547780990600586,"z":-0.24496892094612122,"w":-0.7273639440536499},"size":24.249954223632814,"orthographic":false}