{"cameraMode":{"drawMode":0,"name":"Shaded","section":"Shading Mode"},"sceneLighting":false,"audioPlay":false,"sceneViewState":{"showFog":true,"showMaterialUpdate":false,"showSkybox":true,"showFlares":true,"showImageEffects":true,"showParticleSystems":true},"in2DMode":false,"pivot":{"x":-0.12436062097549439,"y":0.21138998866081239,"z":-0.02742345631122589},"rotation":{"x":-0.01161982212215662,"y":0.8560993075370789,"z":-0.01926513947546482,"w":-0.51632159948349},"size":0.4019554853439331,"orthographic":false}