{"cameraMode":{"drawMode":0,"name":"Shaded","section":"Shading Mode"},"sceneLighting":false,"audioPlay":false,"sceneViewState":{"showFog":true,"showMaterialUpdate":false,"showSkybox":true,"showFlares":true,"showImageEffects":true,"showParticleSystems":true},"in2DMode":false,"pivot":{"x":0.06777970492839813,"y":1.3828250169754029,"z":-0.6013996005058289},"rotation":{"x":0.018618682399392129,"y":0.7161211967468262,"z":0.019113751128315927,"w":-0.6974657773971558},"size":6.0514445304870609,"orthographic":false}