{"cameraMode":{"drawMode":0,"name":"Shaded","section":"Shading Mode"},"sceneLighting":false,"audioPlay":false,"sceneViewState":{"showFog":true,"showMaterialUpdate":false,"showSkybox":true,"showFlares":true,"showImageEffects":true,"showParticleSystems":true},"in2DMode":false,"pivot":{"x":0.42500758171081545,"y":4.440592288970947,"z":-0.39033055305480959},"rotation":{"x":-0.16583263874053956,"y":-0.13943029940128327,"z":0.02368496172130108,"w":-0.9759598970413208},"size":21.23619270324707,"orthographic":false}