{"cameraMode":{"drawMode":0,"name":"Shaded","section":"Shading Mode"},"sceneLighting":false,"audioPlay":false,"sceneViewState":{"showFog":true,"showMaterialUpdate":false,"showSkybox":true,"showFlares":true,"showImageEffects":true,"showParticleSystems":true},"in2DMode":false,"pivot":{"x":0.3732146620750427,"y":0.051786065101623538,"z":0.5000949501991272},"rotation":{"x":-0.20319515466690064,"y":-0.31455567479133608,"z":0.0691227838397026,"w":-0.9246559143066406},"size":9.767777442932129,"orthographic":false}