{"cameraMode":{"drawMode":0,"name":"Shaded","section":"Shading Mode"},"sceneLighting":false,"audioPlay":false,"sceneViewState":{"showFog":true,"showMaterialUpdate":false,"showSkybox":true,"showFlares":true,"showImageEffects":true,"showParticleSystems":true},"in2DMode":false,"pivot":{"x":-0.9521508812904358,"y":1.067187786102295,"z":0.396498441696167},"rotation":{"x":-0.018805241212248803,"y":0.9810388088226318,"z":-0.12726068496704102,"w":-0.14496231079101563},"size":3.102008581161499,"orthographic":false}