{"cameraMode":{"drawMode":0,"name":"Shaded","section":"Shading Mode"},"sceneLighting":false,"audioPlay":false,"sceneViewState":{"showFog":true,"showMaterialUpdate":false,"showSkybox":true,"showFlares":true,"showImageEffects":true,"showParticleSystems":true},"in2DMode":false,"pivot":{"x":0.11852693557739258,"y":0.9948959350585938,"z":-0.1452099084854126},"rotation":{"x":-0.039279595017433169,"y":0.03505970537662506,"z":-0.001379353809170425,"w":-0.998612105846405},"size":7.6954345703125,"orthographic":false}