{"cameraMode":{"drawMode":0,"name":"Shaded","section":"Shading Mode"},"sceneLighting":false,"audioPlay":false,"sceneViewState":{"showFog":true,"showMaterialUpdate":false,"showSkybox":true,"showFlares":true,"showImageEffects":true,"showParticleSystems":true},"in2DMode":false,"pivot":{"x":0.6325350403785706,"y":0.14394092559814454,"z":-2.401688575744629},"rotation":{"x":0.0011029960587620736,"y":0.9929070472717285,"z":-0.11852961033582688,"w":0.009233326651155949},"size":4.485968589782715,"orthographic":false}