{"cameraMode":{"drawMode":0,"name":"Shaded","section":"Shading Mode"},"sceneLighting":false,"audioPlay":false,"sceneViewState":{"showFog":true,"showMaterialUpdate":false,"showSkybox":true,"showFlares":true,"showImageEffects":true,"showParticleSystems":true},"in2DMode":false,"pivot":{"x":0.14352911710739137,"y":0.2497817426919937,"z":0.6805260181427002},"rotation":{"x":-0.0190489050000906,"y":0.9796338677406311,"z":-0.16463373601436616,"w":-0.11335956305265427},"size":0.9946290850639343,"orthographic":false}