{"cameraMode":{"drawMode":0,"name":"Shaded","section":"Shading Mode"},"sceneLighting":false,"audioPlay":false,"sceneViewState":{"showFog":true,"showMaterialUpdate":false,"showSkybox":true,"showFlares":true,"showImageEffects":true,"showParticleSystems":true},"in2DMode":false,"pivot":{"x":17.9077091217041,"y":3.4392876625061037,"z":32.497676849365237},"rotation":{"x":-0.10090672969818115,"y":0.6483299732208252,"z":-0.08727779984474182,"w":-0.7495790123939514},"size":3.691683769226074,"orthographic":false}