{"cameraMode":{"drawMode":0,"name":"Shaded","section":"Shading Mode"},"sceneLighting":false,"audioPlay":false,"sceneViewState":{"showFog":true,"showMaterialUpdate":false,"showSkybox":true,"showFlares":true,"showImageEffects":true,"showParticleSystems":true},"in2DMode":false,"pivot":{"x":0.45345473289489748,"y":0.11596134305000305,"z":-0.7031890153884888},"rotation":{"x":-0.10374880582094193,"y":0.7855942845344544,"z":-0.1371300369501114,"w":-0.5943679213523865},"size":4.344822883605957,"orthographic":false}