{"cameraMode":{"drawMode":0,"name":"Shaded","section":"Shading Mode"},"sceneLighting":false,"audioPlay":false,"sceneViewState":{"showFog":true,"showMaterialUpdate":false,"showSkybox":true,"showFlares":true,"showImageEffects":true,"showParticleSystems":true},"in2DMode":false,"pivot":{"x":0.2545187473297119,"y":0.48673999309539797,"z":-0.16484856605529786},"rotation":{"x":-0.07553206384181977,"y":0.6001638770103455,"z":-0.05707542225718498,"w":-0.794254720211029},"size":7.554759502410889,"orthographic":false}