{"cameraMode":{"drawMode":0,"name":"Shaded","section":"Shading Mode"},"sceneLighting":false,"audioPlay":false,"sceneViewState":{"showFog":true,"showMaterialUpdate":false,"showSkybox":true,"showFlares":true,"showImageEffects":true,"showParticleSystems":true},"in2DMode":false,"pivot":{"x":0.0018317103385925294,"y":1.2598023414611817,"z":-0.12756329774856568},"rotation":{"x":-0.2630862295627594,"y":0.6915410757064819,"z":-0.30288204550743105,"w":-0.600682258605957},"size":2.7257490158081056,"orthographic":false}