{"cameraMode":{"drawMode":0,"name":"Shaded","section":"Shading Mode"},"sceneLighting":false,"audioPlay":false,"sceneViewState":{"showFog":true,"showMaterialUpdate":false,"showSkybox":true,"showFlares":true,"showImageEffects":true,"showParticleSystems":true},"in2DMode":false,"pivot":{"x":-0.23558345437049867,"y":0.05871488153934479,"z":0.01249999925494194},"rotation":{"x":0.002702623838558793,"y":0.00900832936167717,"z":-0.00002588698043837212,"w":0.9999557733535767},"size":0.7548187971115112,"orthographic":false}