{"cameraMode":{"drawMode":0,"name":"Shaded","section":"Shading Mode"},"sceneLighting":false,"audioPlay":false,"sceneViewState":{"showFog":true,"showMaterialUpdate":false,"showSkybox":true,"showFlares":true,"showImageEffects":true,"showParticleSystems":true},"in2DMode":false,"pivot":{"x":-2.7536518573760988,"y":3.5993452072143556,"z":1.2370649576187134},"rotation":{"x":-0.010496962815523148,"y":0.026392115280032159,"z":0.00027650929405353963,"w":0.9995965361595154},"size":8.532636642456055,"orthographic":false}