{"cameraMode":{"drawMode":0,"name":"Shaded","section":"Shading Mode"},"sceneLighting":false,"audioPlay":false,"sceneViewState":{"showFog":true,"showMaterialUpdate":false,"showSkybox":true,"showFlares":true,"showImageEffects":true,"showParticleSystems":true},"in2DMode":false,"pivot":{"x":-0.0599217414855957,"y":0.7844985723495483,"z":-0.015535831451416016},"rotation":{"x":-0.2630862295627594,"y":0.6915410757064819,"z":-0.30288204550743105,"w":-0.600682258605957},"size":17.184694290161134,"orthographic":false}