{"cameraMode":{"drawMode":0,"name":"Shaded","section":"Shading Mode"},"sceneLighting":false,"audioPlay":false,"sceneViewState":{"showFog":true,"showMaterialUpdate":false,"showSkybox":true,"showFlares":true,"showImageEffects":true,"showParticleSystems":true},"in2DMode":false,"pivot":{"x":2.813117742538452,"y":-0.24544629454612733,"z":4.662397384643555},"rotation":{"x":-0.27825960516929629,"y":0.25454336404800417,"z":-0.07674047350883484,"w":-0.9229790568351746},"size":4.802738666534424,"orthographic":false}