{"cameraMode":{"drawMode":0,"name":"Shaded","section":"Shading Mode"},"sceneLighting":false,"audioPlay":false,"sceneViewState":{"showFog":true,"showMaterialUpdate":false,"showSkybox":true,"showFlares":true,"showImageEffects":true,"showParticleSystems":true},"in2DMode":false,"pivot":{"x":3.038405179977417,"y":0.21549725532531739,"z":2.980938673019409},"rotation":{"x":0.08355142176151276,"y":0.09104953706264496,"z":-0.007666634861379862,"w":0.9923055768013},"size":9.355027198791504,"orthographic":false}