{"cameraMode":{"drawMode":0,"name":"Shaded","section":"Shading Mode"},"sceneLighting":false,"audioPlay":false,"sceneViewState":{"showFog":true,"showMaterialUpdate":false,"showSkybox":true,"showFlares":true,"showImageEffects":true,"showParticleSystems":true},"in2DMode":false,"pivot":{"x":-0.06605509668588638,"y":4.002450942993164,"z":-0.4891214966773987},"rotation":{"x":-0.0018131209071725608,"y":-0.03539833799004555,"z":0.00006789535837015137,"w":-0.9993715882301331},"size":12.377755165100098,"orthographic":false}