{"cameraMode":{"drawMode":0,"name":"Shaded","section":"Shading Mode"},"sceneLighting":false,"audioPlay":false,"sceneViewState":{"showFog":true,"showMaterialUpdate":false,"showSkybox":true,"showFlares":true,"showImageEffects":true,"showParticleSystems":true},"in2DMode":false,"pivot":{"x":0.08878207206726074,"y":3.2993602752685549,"z":0.38970935344696047},"rotation":{"x":-0.039279595017433169,"y":0.03505970537662506,"z":-0.001379353809170425,"w":-0.998612105846405},"size":14.371161460876465,"orthographic":false}