{"cameraMode":{"drawMode":0,"name":"Shaded","section":"Shading Mode"},"sceneLighting":false,"audioPlay":false,"sceneViewState":{"showFog":true,"showMaterialUpdate":false,"showSkybox":true,"showFlares":true,"showImageEffects":true,"showParticleSystems":true},"in2DMode":false,"pivot":{"x":210.02999877929688,"y":4.685751914978027,"z":0.0},"rotation":{"x":-0.004199192859232426,"y":-0.008409352041780949,"z":0.00003235706390114501,"w":-0.9999558925628662},"size":12.92747688293457,"orthographic":false}