{"cameraMode":{"drawMode":0,"name":"Shaded","section":"Shading Mode"},"sceneLighting":false,"audioPlay":false,"sceneViewState":{"showFog":true,"showMaterialUpdate":false,"showSkybox":true,"showFlares":true,"showImageEffects":true,"showParticleSystems":true},"in2DMode":false,"pivot":{"x":2.5110208988189699,"y":6.947638034820557,"z":4.972306251525879},"rotation":{"x":0.037488192319869998,"y":0.014988136477768422,"z":-0.0005624287878163159,"w":0.9991845488548279},"size":11.67846393585205,"orthographic":false}