{"cameraMode":{"drawMode":0,"name":"Shaded","section":"Shading Mode"},"sceneLighting":false,"audioPlay":false,"sceneViewState":{"showFog":true,"showMaterialUpdate":false,"showSkybox":true,"showFlares":true,"showImageEffects":true,"showParticleSystems":true},"in2DMode":false,"pivot":{"x":2.9744834899902345,"y":-0.06236479803919792,"z":-2.9232571125030519},"rotation":{"x":0.0014978660037741066,"y":0.997092604637146,"z":-0.07341867685317993,"w":0.02034328132867813},"size":7.506950378417969,"orthographic":false}