{"cameraMode":{"drawMode":0,"name":"Shaded","section":"Shading Mode"},"sceneLighting":false,"audioPlay":false,"sceneViewState":{"showFog":true,"showMaterialUpdate":false,"showSkybox":true,"showFlares":true,"showImageEffects":true,"showParticleSystems":true},"in2DMode":false,"pivot":{"x":2.7571258544921877,"y":4.068587779998779,"z":3.950716495513916},"rotation":{"x":0.008656613528728485,"y":-0.0881006121635437,"z":-0.0007660541450604796,"w":-0.9960736632347107},"size":23.95709800720215,"orthographic":false}