{"cameraMode":{"drawMode":0,"name":"Shaded","section":"Shading Mode"},"sceneLighting":false,"audioPlay":false,"sceneViewState":{"showFog":true,"showMaterialUpdate":false,"showSkybox":true,"showFlares":true,"showImageEffects":true,"showParticleSystems":true},"in2DMode":false,"pivot":{"x":-1.3029053211212159,"y":0.06991715729236603,"z":-1.950293779373169},"rotation":{"x":0.2094017118215561,"y":-0.1338697224855423,"z":0.02895273081958294,"w":0.9681898951530457},"size":6.818850517272949,"orthographic":false}